Workbook

Sheet NOTAS
A1: TRAYECTO:
A2: INSTRUCTOR:
A3: SEDE:
A4: ALUMNO (PEGAR APELLIDOS EN COLUMNA IZQUIERDA Y NOMBRE EN LA DERECHA) | C4: NOTAS - DE NECESITAR, INSERTAS MAS COLUMAS EN EL LUGAR QUE CORRESPONDE | DG4: ASISTENCIA | DZ4: ACTA 1 | EA4: ACTA 2 | EB4: ACTA 3 | EC4: ACTA 4 | ED4: ACTA 5 | EE4: ACTA 6 | EF4: ACTA 7 | EG4: ACTA 8 | EH4: ACTA 9 | EI4: PROMEDIO | EJ4: FUNDAMENTACIÓN DESEMPEÑO INDIVIDUAL | EK4: FUNDAMENTACIÓN DESEMPEÑO EN EQUIPO | EL4: OBSERVACIONES / REFERENCIAL DE INGRESO | EN4: MARZO | EO4: ABRIL | EP4: ABRIL 2 | EQ4: MAYO | ER4: MAYO 2 | ES4: JUNIO | ET4: JUNIO 2 | EU4: JULIO | EV4: JULIO 2 | EW4: AGOSTO | EX4: AGOSTO 2 | EY4: SEPTIEMBRE | EZ4: SEPTIEMBRE-2 | FA4: SEPTIEMBRE-3 | FB4: OCTUBRE | FC4: OCTUBRE-2 | FD4: NOVIEMBRE | FE4: NOVIEMBRE-2 | FF4: DICIEMBRE | FG4: OBSERVACION CALIFICACIONES NO TOCAR | FH4: BARRA DE PROGRESO
DG5: MARZO | DH5: ABRIL | DI5: ABRIL 2 | DJ5: MAYO | DK5: MAYO 2 | DL5: JUNIO | DM5: JUNIO 2 | DN5: JULIO | DO5: JULIO 2 | DP5: AGOSTO | DQ5: AGOSTO 2 | DR5: SEPTIEMBRE | DS5: SEPTIEMBRE 2 | DT5: SEPTIEMBRE 3 | DU5: OCTUBRE | DV5: OCTUBRE 2 | DW5: NOVIEMBRE | DX5: NOVIEMBRE 2 | DY5: DICIEMBRE
C6: MOD 1 | D6: MOD 1 | E6: MOD 1 | F6: MOD 1 | G6: MOD 1 | H6: MOD 1 | I6: MOD 1 | J6: MOD 1 | K6: MOD 1 | L6: MOD 1 | M6: MOD 1 | N6: NOTA ASISTENCIA | O6: MOD 2 | P6: MOD 2 | Q6: MOD 2 | R6: MOD 2 | S6: MOD 2 | T6: MOD 2 | U6: MOD 2 | V6: MOD 2 | W6: MOD 2 | X6: MOD 2 | Y6: MOD 2 | Z6: NOTA ASISTENCIA | AA6: MOD 3 | AB6: MOD 3 | AC6: MOD 3 | AD6: MOD 3 | AE6: MOD 3 | AF6: MOD 3 | AG6: MOD 3 | AH6: MOD 3 | AI6: MOD 3 | AJ6: MOD 3 | AK6: MOD 3 | AL6: NOTA ASISTENCIA | AM6: MOD 4 | AN6: MOD 4 | AO6: MOD 4 | AP6: MOD 4 | AQ6: MOD 4 | AR6: MOD 4 | AS6: MOD 4 | AT6: MOD 4 | AU6: MOD 4 | AV6: MOD 4 | AW6: MOD 4 | AX6: NOTA ASISTENCIA | AY6: MOD 5 | AZ6: MOD 5 | BA6: MOD 5 | BB6: MOD 5 | BC6: MOD 5 | BD6: MOD 5 | BE6: MOD 5 | BF6: MOD 5 | BG6: MOD 5 | BH6: MOD 5 | BI6: MOD 5 | BJ6: NOTA ASISTENCIA | BK6: MOD 6 | BL6: MOD 6 | BM6: MOD 6 | BN6: MOD 6 | BO6: MOD 6 | BP6: MOD 6 | BQ6: MOD 6 | BR6: MOD 6 | BS6: MOD 6 | BT6: MOD 6 | BU6: MOD 6 | BV6: NOTA ASISTENCIA | BW6: MOD 7 | BX6: MOD 7 | BY6: MOD 7 | BZ6: MOD 7 | CA6: MOD 7 | CB6: MOD 7 | CC6: MOD 7 | CD6: MOD 7 | CE6: MOD 7 | CF6: MOD 7 | CG6: MOD 7 | CH6: NOTA ASISTENCIA | CI6: MOD 8 | CJ6: MOD 8 | CK6: MOD 8 | CL6: MOD 8 | CM6: MOD 8 | CN6: MOD 8 | CO6: MOD 8 | CP6: MOD 8 | CQ6: MOD 8 | CR6: MOD 8 | CS6: MOD 8 | CT6: NOTA ASISTENCIA | CU6: MOD 9 | CV6: MOD 9 | CW6: MOD 9 | CX6: MOD 9 | CY6: MOD 9 | CZ6: MOD 9 | DA6: MOD 9 | DB6: MOD 9 | DC6: MOD 9 | DD6: MOD 9 | DE6: MOD 9 | DF6: NOTA ASISTENCIA
EN7: =MARZO!$T$7 | EO7: =ABRIL!$T$7 | EP7: ='ABRIL 2'!$T$7 | EQ7: =MAYO!$T$7 | ER7: ='MAYO 2'!$T$7 | ES7: =JUNIO!$T$7 | ET7: ='JUNIO 2'!$T$7 | EU7: =JULIO!$T$7 | EV7: ='JULIO 2'!$T$7 | EW7: =AGOSTO!$T$7 | EX7: ='AGOSTO 2'!$T$7 | EY7: =SEPTIEMBRE!$T$7 | EZ7: ='SEPTIEMBRE 2'!$T$7 | FA7: ='SEPTIEMBRE 3'!$T$7 | FB7: =OCTUBRE!$T$7 | FC7: ='OCTUBRE 2'!$T$7 | FD7: =NOVIEMBRE!$T$7 | FE7: ='NOVIEMBRE 2'!$T$7 | FF7: =DICIEMBRE!T7
N8: =IFERROR(SUM(DT8:DU8)/SUM($DT$7:$DU$7)*100,"") | Z8: =IFERROR(SUM(EB8:EC8)/SUM($EB$7:$EC$7)*100,"") | AL8: =IFERROR(SUM(EK8:EL8)/SUM($EK$7:$EL$7)*100,"") | AX8: =IFERROR(SUM(EW8:EY8)/SUM($EW$7:$EY$7)*100,"") | BJ8: =IFERROR(SUM(EZ8)/SUM($EZ$7)*100,"") | BV8: =IFERROR(SUM(FA8:FB8)/SUM($FA$7:$FB$7)*100,"") | CH8: =IFERROR(SUM(FC8:FD8)/SUM($FC$7:$FD$7)*100,"") | CT8: =IFERROR(SUM(FE8:FF8)/SUM($FE$7:$FF$7)*100,"") | DG8: {=IFERROR(_xlfn.XLOOKUP($A8&B8,MARZO!$D$11:$D$40&MARZO!$E$11:$E$40,MARZO!$AM$11:$AM$40,_xlfn.XLOOKUP($A8&$B8,MARZO!$BC$11:$BC$40&MARZO!$BD$11:$BD$40,MARZO!$CL$11:$CL$40,"A"))/1%,"")} | DH8: {=IFERROR(_xlfn.XLOOKUP($A8&$B8,ABRIL!$D$11:$D$40&ABRIL!$E$11:$E$40,ABRIL!$AM$11:$AM$40,_xlfn.XLOOKUP($A8&$B8,ABRIL!$BC$11:$BC$40&ABRIL!$BD$11:$BD$40,ABRIL!$CL$11:$CL$40,"A"))/1%,"")} | DI8: {=IFERROR(_xlfn.XLOOKUP($A8&$B8,'ABRIL 2'!$D$11:$D$40&'ABRIL 2'!$E$11:$E$40,'ABRIL 2'!$AM$11:$AM$40,_xlfn.XLOOKUP($A8&$B8,'ABRIL 2'!$BC$11:$BC$40&'ABRIL 2'!$BD$11:$BD$40,'ABRIL 2'!$CL$11:$CL$40,"A"))/1%,"")} | DJ8: {=IFERROR(_xlfn.XLOOKUP($A8&$B8,MAYO!$D$11:$D$40&MAYO!$E$11:$E$40,MAYO!$AM$11:$AM$40,_xlfn.XLOOKUP($A8&$B8,MAYO!$BC$11:$BC$40&MAYO!$BD$11:$BD$40,MAYO!$CL$11:$CL$40,"A"))/1%,"")} | DK8: {=IFERROR(_xlfn.XLOOKUP($A8&$B8,'MAYO 2'!$D$11:$D$40&'MAYO 2'!$E$11:$E$40,'MAYO 2'!$AM$11:$AM$40,_xlfn.XLOOKUP($A8&$B8,'MAYO 2'!$BC$11:$BC$40&'MAYO 2'!$BD$11:$BD$40,'MAYO 2'!$CL$11:$CL$40,"A"))/1%,"")} | DL8: {=IFERROR(_xlfn.XLOOKUP($A8&$B8,JUNIO!$D$11:$D$40&JUNIO!$E$11:$E$40,JUNIO!$AM$11:$AM$40,_xlfn.XLOOKUP($A8&$B8,JUNIO!$BC$11:$BC$40&JUNIO!$BD$11:$BD$40,JUNIO!$CL$11:$CL$40,"A"))/1%,"")} | DM8: {=IFERROR(_xlfn.XLOOKUP($A8&$B8,'JUNIO 2'!$D$11:$D$40&'JUNIO 2'!$E$11:$E$40,'JUNIO 2'!$AM$11:$AM$40,_xlfn.XLOOKUP($A8&$B8,'JUNIO 2'!$BC$11:$BC$40&'JUNIO 2'!$BD$11:$BD$40,'JUNIO 2'!$CL$11:$CL$40,"A"))/1%,"")} | DN8: {=IFERROR(_xlfn.XLOOKUP($A8&$B8,JULIO!$D$11:$D$40&JULIO!$E$11:$E$40,JULIO!$AM$11:$AM$40,_xlfn.XLOOKUP($A8&$B8,JULIO!$BC$11:$BC$40&JULIO!$BD$11:$BD$40,JULIO!$CL$11:$CL$40,"A"))/1%,"")} | DO8: {=IFERROR(_xlfn.XLOOKUP($A8&$B8,'JULIO 2'!$D$11:$D$40&'JULIO 2'!$E$11:$E$40,'JULIO 2'!$AM$11:$AM$40,_xlfn.XLOOKUP($A8&$B8,'JULIO 2'!$BC$11:$BC$40&'JULIO 2'!$BD$11:$BD$40,'JULIO 2'!$CL$11:$CL$40,"A"))/1%,"")} | DP8: {=IFERROR(_xlfn.XLOOKUP($A8&$B8,AGOSTO!$D$11:$D$40&AGOSTO!$E$11:$E$40,AGOSTO!$AM$11:$AM$40,_xlfn.XLOOKUP($A8&$B8,AGOSTO!$BC$11:$BC$40&AGOSTO!$BD$11:$BD$40,AGOSTO!$CL$11:$CL$40,"A"))/1%,"")} | DQ8: {=IFERROR(_xlfn.XLOOKUP($A8&$B8,'AGOSTO 2'!$D$11:$D$40&'AGOSTO 2'!$E$11:$E$40,'AGOSTO 2'!$AM$11:$AM$40,_xlfn.XLOOKUP($A8&$B8,'AGOSTO 2'!$BC$11:$BC$40&'AGOSTO 2'!$BD$11:$BD$40,'AGOSTO 2'!$CL$11:$CL$40,"A"))/1%,"")} | DR8: {=IFERROR(_xlfn.XLOOKUP($A8&$B8,SEPTIEMBRE!$D$11:$D$40&SEPTIEMBRE!$E$11:$E$40,SEPTIEMBRE!$AM$11:$AM$40,_xlfn.XLOOKUP($A8&$B8,SEPTIEMBRE!$BC$11:$BC$40&SEPTIEMBRE!$BD$11:$BD$40,SEPTIEMBRE!$CL$11:$CL$40,"A"))/1%,"")} | DS8: {=IFERROR(_xlfn.XLOOKUP($A8&$B8,'SEPTIEMBRE 2'!$D$11:$D$40&'SEPTIEMBRE 2'!$E$11:$E$40,'SEPTIEMBRE 2'!$AM$11:$AM$40,_xlfn.XLOOKUP($A8&$B8,'SEPTIEMBRE 2'!$BC$11:$BC$40&'SEPTIEMBRE 2'!$BD$11:$BD$40,'SEPTIEMBRE 2'!$CL$11:$CL$40,"A"))/1%,"")} | DT8: {=IFERROR(_xlfn.XLOOKUP($A8&$B8,'SEPTIEMBRE 3'!$D$11:$D$40&'SEPTIEMBRE 3'!$E$11:$E$40,'SEPTIEMBRE 3'!$AM$11:$AM$40,_xlfn.XLOOKUP($A8&$B8,'SEPTIEMBRE 3'!$BC$11:$BC$40&'SEPTIEMBRE 3'!$BD$11:$BD$40,'SEPTIEMBRE 3'!$CL$11:$CL$40,"A"))/1%,"")} | DU8: {=IFERROR(_xlfn.XLOOKUP($A8&$B8,OCTUBRE!$D$11:$D$40&OCTUBRE!$E$11:$E$40,OCTUBRE!$AM$11:$AM$40,_xlfn.XLOOKUP($A8&$B8,OCTUBRE!$BC$11:$BC$40&OCTUBRE!$BD$11:$BD$40,OCTUBRE!$CL$11:$CL$40,"A"))/1%,"")} | DV8: {=IFERROR(_xlfn.XLOOKUP($A8&$B8,'OCTUBRE 2'!$D$11:$D$40&'OCTUBRE 2'!$E$11:$E$40,'OCTUBRE 2'!$AM$11:$AM$40,_xlfn.XLOOKUP($A8&$B8,'OCTUBRE 2'!$BC$11:$BC$40&'OCTUBRE 2'!$BD$11:$BD$40,'OCTUBRE 2'!$CL$11:$CL$40,"A"))/1%,"")} | DW8: {=IFERROR(_xlfn.XLOOKUP($A8&$B8,NOVIEMBRE!$D$11:$D$40&NOVIEMBRE!$E$11:$E$40,NOVIEMBRE!$AM$11:$AM$40,_xlfn.XLOOKUP($A8&$B8,NOVIEMBRE!$BC$11:$BC$40&NOVIEMBRE!$BD$11:$BD$40,NOVIEMBRE!$CL$11:$CL$40,"A"))/1%,"")} | DX8: {=IFERROR(_xlfn.XLOOKUP($A8&$B8,'NOVIEMBRE 2'!$D$11:$D$40&'NOVIEMBRE 2'!$E$11:$E$40,'NOVIEMBRE 2'!$AM$11:$AM$40,_xlfn.XLOOKUP($A8&$B8,'NOVIEMBRE 2'!$BC$11:$BC$40&'NOVIEMBRE 2'!$BD$11:$BD$40,'NOVIEMBRE 2'!$CL$11:$CL$40,"A"))/1%,"")} | DY8: {=IFERROR(_xlfn.XLOOKUP($A8&$B8,DICIEMBRE!$D$11:$D$40&DICIEMBRE!$E$11:$E$40,DICIEMBRE!$AM$11:$AM$40,_xlfn.XLOOKUP($A8&$B8,DICIEMBRE!$BC$11:$BC$40&DICIEMBRE!$BD$11:$BD$40,DICIEMBRE!$CL$11:$CL$40,"A"))/1%,"")} | DZ8: =IFERROR(IF(COUNTIF(C8:N8,"-"),"A",ROUND(AVERAGE(C8:N8),0)),"-") -> - | EA8: =IFERROR(IF(COUNTIF(O8:Z8,"-"),"A",ROUND(AVERAGE(O8:Z8),0)),"-") -> - | EB8: =IFERROR(IF(COUNTIF(AA8:AL8,"-"),"A",ROUND(AVERAGE(AA8:AL8),0)),"-") -> - | EC8: =IFERROR(IF(COUNTIF(AM8:AX8,"-"),"A",ROUND(AVERAGE(AM8:AX8),0)),"-") -> - | ED8: =IFERROR(IF(COUNTIF(AY8:BJ8,"-"),"A",ROUND(AVERAGE(AY8:BJ8),0)),"-") -> - | EE8: =IFERROR(IF(COUNTIF(BK8:BV8,"-"),"A",ROUND(AVERAGE(BK8:BV8),0)),"-") -> - | EF8: =IFERROR(IF(COUNTIF(BW8:CH8,"-"),"A",ROUND(AVERAGE(BW8:CH8),0)),"-") -> - | EG8: =IFERROR(IF(COUNTIF(CI8:CT8,"-"),"A",ROUND(AVERAGE(CI8:CT8),0)),"-") -> - | EH8: =IFERROR(IF(COUNTIF(CU8:DF8,"-"),"A",ROUND(AVERAGE(CU8:DF8),0)),"-") -> - | EI8: =IFERROR(ROUND(AVERAGE(DZ8:EH8),0),"") | EN8: {=IFERROR(_xlfn.XLOOKUP($A8&$B8,MARZO!$D$11:$D$40&MARZO!$E$11:$E$40,MARZO!$AK$11:$AK$40,_xlfn.XLOOKUP($A8&$B8,MARZO!$BC$11:$BC$40&MARZO!$BD$11:$BD$40,MARZO!$CJ$11:$CJ$40,"A")),"")} -> 0 | EO8: {=IFERROR(_xlfn.XLOOKUP($A8&$B8,ABRIL!$D$11:$D$40&ABRIL!$E$11:$E$40,ABRIL!$AK$11:$AK$40,_xlfn.XLOOKUP($A8&$B8,ABRIL!$BC$11:$BC$40&ABRIL!$BD$11:$BD$40,ABRIL!$CJ$11:$CJ$40,"A")),"")} -> 0 | EP8: {=IFERROR(_xlfn.XLOOKUP($A8&$B8,'ABRIL 2'!$D$11:$D$40&'ABRIL 2'!$E$11:$E$40,'ABRIL 2'!$AK$11:$AK$40,_xlfn.XLOOKUP($A8&$B8,'ABRIL 2'!$BC$11:$BC$40&'ABRIL 2'!$BD$11:$BD$40,'ABRIL 2'!$CJ$11:$CJ$40,"A")),"")} -> 0 | EQ8: {=IFERROR(_xlfn.XLOOKUP($A8&$B8,MAYO!$D$11:$D$40&MAYO!$E$11:$E$40,MAYO!$AK$11:$AK$40,_xlfn.XLOOKUP($A8&$B8,MAYO!$BC$11:$BC$40&MAYO!$BD$11:$BD$40,MAYO!$CJ$11:$CJ$40,"A")),"")} -> 0 | ER8: {=IFERROR(_xlfn.XLOOKUP($A8&$B8,'MAYO 2'!$D$11:$D$40&'MAYO 2'!$E$11:$E$40,'MAYO 2'!$AK$11:$AK$40,_xlfn.XLOOKUP($A8&$B8,'MAYO 2'!$BC$11:$BC$40&'MAYO 2'!$BD$11:$BD$40,'MAYO 2'!$CJ$11:$CJ$40,"A")),"")} -> 0 | ES8: {=IFERROR(_xlfn.XLOOKUP($A8&$B8,JUNIO!$D$11:$D$40&JUNIO!$E$11:$E$40,JUNIO!$AK$11:$AK$40,_xlfn.XLOOKUP($A8&$B8,JUNIO!$BC$11:$BC$40&JUNIO!$BD$11:$BD$40,JUNIO!$CJ$11:$CJ$40,"A")),"")} -> 0 | ET8: {=IFERROR(_xlfn.XLOOKUP($A8&$B8,'JUNIO 2'!$D$11:$D$40&'JUNIO 2'!$E$11:$E$40,'JUNIO 2'!$AK$11:$AK$40,_xlfn.XLOOKUP($A8&$B8,'JUNIO 2'!$BC$11:$BC$40&'JUNIO 2'!$BD$11:$BD$40,'JUNIO 2'!$CJ$11:$CJ$40,"A")),"")} -> 0 | EU8: {=IFERROR(_xlfn.XLOOKUP($A8&$B8,JULIO!$D$11:$D$40&JULIO!$E$11:$E$40,JULIO!$AK$11:$AK$40,_xlfn.XLOOKUP($A8&$B8,JULIO!$BC$11:$BC$40&JULIO!$BD$11:$BD$40,JULIO!$CJ$11:$CJ$40,"A")),"")} -> 0 | EV8: {=IFERROR(_xlfn.XLOOKUP($A8&$B8,'JULIO 2'!$D$11:$D$40&'JULIO 2'!$E$11:$E$40,'JULIO 2'!$AK$11:$AK$40,_xlfn.XLOOKUP($A8&$B8,'JULIO 2'!$BC$11:$BC$40&'JULIO 2'!$BD$11:$BD$40,'JULIO 2'!$CJ$11:$CJ$40,"A")),"")} -> 0 | EW8: {=IFERROR(_xlfn.XLOOKUP($A8&$B8,AGOSTO!$D$11:$D$40&AGOSTO!$E$11:$E$40,AGOSTO!$AK$11:$AK$40,_xlfn.XLOOKUP($A8&$B8,AGOSTO!$BC$11:$BC$40&AGOSTO!$BD$11:$BD$40,AGOSTO!$CJ$11:$CJ$40,"A")),"")} -> 0 | EX8: {=IFERROR(_xlfn.XLOOKUP($A8&$B8,'AGOSTO 2'!$D$11:$D$40&'AGOSTO 2'!$E$11:$E$40,'AGOSTO 2'!$AK$11:$AK$40,_xlfn.XLOOKUP($A8&$B8,'AGOSTO 2'!$BC$11:$BC$40&'AGOSTO 2'!$BD$11:$BD$40,'AGOSTO 2'!$CJ$11:$CJ$40,"A")),"")} -> 0 | EY8: {=IFERROR(_xlfn.XLOOKUP($A8&$B8,SEPTIEMBRE!$D$11:$D$40&SEPTIEMBRE!$E$11:$E$40,SEPTIEMBRE!$AK$11:$AK$40,_xlfn.XLOOKUP($A8&$B8,SEPTIEMBRE!$BC$11:$BC$40&SEPTIEMBRE!$BD$11:$BD$40,SEPTIEMBRE!$CJ$11:$CJ$40,"A")),"")} -> 0 | EZ8: {=IFERROR(_xlfn.XLOOKUP($A8&$B8,'SEPTIEMBRE 2'!$D$11:$D$40&'SEPTIEMBRE 2'!$E$11:$E$40,'SEPTIEMBRE 2'!$AK$11:$AK$40,_xlfn.XLOOKUP($A8&$B8,'SEPTIEMBRE 2'!$BC$11:$BC$40&'SEPTIEMBRE 2'!$BD$11:$BD$40,'SEPTIEMBRE 2'!$CJ$11:$CJ$40,"A")),"")} -> 0 | FA8: {=IFERROR(_xlfn.XLOOKUP($A8&$B8,'SEPTIEMBRE 3'!$D$11:$D$40&'SEPTIEMBRE 3'!$E$11:$E$40,'SEPTIEMBRE 3'!$AK$11:$AK$40,_xlfn.XLOOKUP($A8&$B8,'SEPTIEMBRE 3'!$BC$11:$BC$40&'SEPTIEMBRE 3'!$BD$11:$BD$40,'SEPTIEMBRE 3'!$CJ$11:$CJ$40,"A")),"")} -> 0 | FB8: {=IFERROR(_xlfn.XLOOKUP($A8&$B8,OCTUBRE!$D$11:$D$40&OCTUBRE!$E$11:$E$40,OCTUBRE!$AK$11:$AK$40,_xlfn.XLOOKUP($A8&$B8,OCTUBRE!$BC$11:$BC$40&OCTUBRE!$BD$11:$BD$40,OCTUBRE!$CJ$11:$CJ$40,"A")),"")} -> 0 | FC8: {=IFERROR(_xlfn.XLOOKUP($A8&$B8,'OCTUBRE 2'!$D$11:$D$40&'OCTUBRE 2'!$E$11:$E$40,'OCTUBRE 2'!$AK$11:$AK$40,_xlfn.XLOOKUP($A8&$B8,'OCTUBRE 2'!$BC$11:$BC$40&'OCTUBRE 2'!$BD$11:$BD$40,'OCTUBRE 2'!$CJ$11:$CJ$40,"A")),"")} -> 0 | FD8: {=IFERROR(_xlfn.XLOOKUP($A8&$B8,NOVIEMBRE!$D$11:$D$40&NOVIEMBRE!$E$11:$E$40,NOVIEMBRE!$AK$11:$AK$40,_xlfn.XLOOKUP($A8&$B8,NOVIEMBRE!$BC$11:$BC$40&NOVIEMBRE!$BD$11:$BD$40,NOVIEMBRE!$CJ$11:$CJ$40,"A")),"")} -> 0 | FE8: {=IFERROR(_xlfn.XLOOKUP($A8&$B8,'NOVIEMBRE 2'!$D$11:$D$40&'NOVIEMBRE 2'!$E$11:$E$40,'NOVIEMBRE 2'!$AK$11:$AK$40,_xlfn.XLOOKUP($A8&$B8,'NOVIEMBRE 2'!$BC$11:$BC$40&'NOVIEMBRE 2'!$BD$11:$BD$40,'NOVIEMBRE 2'!$CJ$11:$CJ$40,"A")),"")} -> 0 | FF8: {=IFERROR(_xlfn.XLOOKUP($A8&$B8,DICIEMBRE!$D$11:$D$40&DICIEMBRE!$E$11:$E$40,DICIEMBRE!$AK$11:$AK$40,_xlfn.XLOOKUP($A8&$B8,DICIEMBRE!$BC$11:$BC$40&DICIEMBRE!$BD$11:$BD$40,DICIEMBRE!$CJ$11:$CJ$40,"A")),"")} -> 0 | FG8: =IF( AND(N8="", Z8="", AL8="", AX8="", BJ8="", BV8="", CH8="", CT8="",DF8=""), "", TEXTJOIN( " ", TRUE, IF(AND(N8<>"", N8>=40, COUNTA(C8:M8)=0), "⚠️Faltan notas del Módulo I", ""), IF(AND(Z8<>"", Z8>=40, COUNTA(O8:Y8)=0), "⚠️Faltan notas del Módulo II", ""), IF(AND(AL8<>"", AL8>=40, COUNTA(AA8:AK8)=0), "⚠️Faltan notas del Módulo III", ""), IF(AND(AX8<>"", AX8>=40, COUNTA(AM8:AW8)=0), "⚠️Faltan notas del Módulo IV", ""), IF(AND(BJ8<>"", BJ8>=40, COUNTA(AY8:BI8)=0), "⚠️Faltan notas del Módulo V", ""), IF(AND(BV8<>"", BV8>=40, COUNTA(BK8:BU8)=0), "⚠️Faltan notas del Módulo VI", ""), IF(AND(CH8<>"", CH8>=40, COUNTA(BW8:CG8)=0), "⚠️Faltan notas del Módulo VII", ""), IF(AND(CT8<>"", CT8>=40, COUNTA(CI8:CS8)=0), "⚠️Faltan notas del Módulo VIII", ""), IF(AND(DF8<>"", DF8>=40, COUNTA(CU8:DE8)=0), "⚠️Faltan notas del Módulo IX", "") ) ) | FH8: {=IF( COUNT(DZ8:EH8)=0, "-", IF( COUNT(DZ8:EH8) < COUNTA(DZ8:EH8), REPT("🟩", ROUND(COUNT(DZ8:EH8)/COUNTA(DZ8:EH8)*5, 0)) & REPT("⬜", 5 - ROUND(COUNT(DZ8:EH8)/COUNTA(DZ8:EH8)*5, 0)), IF( AVERAGE(IF(DZ8:EH8<>"", DZ8:EH8, )) >= 70, "🟩🟩🟩🟩🟩", IF( AVERAGE(IF(DZ8:EH8<>"",DZ8:EH8, )) >= 56, "🟨🟨🟨🟨🟨", "🟥🟥🟥🟥🟥" ) ) ) )} -> -
N9: =IFERROR(SUM(DT9:DU9)/SUM($DT$7:$DU$7)*100,"") | Z9: =IFERROR(SUM(EB9:EC9)/SUM($EB$7:$EC$7)*100,"") | AL9: =IFERROR(SUM(EK9:EL9)/SUM($EK$7:$EL$7)*100,"") | AX9: =IFERROR(SUM(EW9:EY9)/SUM($EW$7:$EY$7)*100,"") | BJ9: =IFERROR(SUM(EZ9)/SUM($EZ$7)*100,"") | BV9: =IFERROR(SUM(FA9:FB9)/SUM($FA$7:$FB$7)*100,"") | CH9: =IFERROR(SUM(FC9:FD9)/SUM($FC$7:$FD$7)*100,"") | CT9: =IFERROR(SUM(FE9:FF9)/SUM($FE$7:$FF$7)*100,"") | DG9: {=IFERROR(_xlfn.XLOOKUP($A9&B9,MARZO!$D$11:$D$40&MARZO!$E$11:$E$40,MARZO!$AM$11:$AM$40,_xlfn.XLOOKUP($A9&$B9,MARZO!$BC$11:$BC$40&MARZO!$BD$11:$BD$40,MARZO!$CL$11:$CL$40,"A"))/1%,"")} | DH9: {=IFERROR(_xlfn.XLOOKUP($A9&$B9,ABRIL!$D$11:$D$40&ABRIL!$E$11:$E$40,ABRIL!$AM$11:$AM$40,_xlfn.XLOOKUP($A9&$B9,ABRIL!$BC$11:$BC$40&ABRIL!$BD$11:$BD$40,ABRIL!$CL$11:$CL$40,"A"))/1%,"")} | DI9: {=IFERROR(_xlfn.XLOOKUP($A9&$B9,'ABRIL 2'!$D$11:$D$40&'ABRIL 2'!$E$11:$E$40,'ABRIL 2'!$AM$11:$AM$40,_xlfn.XLOOKUP($A9&$B9,'ABRIL 2'!$BC$11:$BC$40&'ABRIL 2'!$BD$11:$BD$40,'ABRIL 2'!$CL$11:$CL$40,"A"))/1%,"")} | DJ9: {=IFERROR(_xlfn.XLOOKUP($A9&$B9,MAYO!$D$11:$D$40&MAYO!$E$11:$E$40,MAYO!$AM$11:$AM$40,_xlfn.XLOOKUP($A9&$B9,MAYO!$BC$11:$BC$40&MAYO!$BD$11:$BD$40,MAYO!$CL$11:$CL$40,"A"))/1%,"")} | DK9: {=IFERROR(_xlfn.XLOOKUP($A9&$B9,'MAYO 2'!$D$11:$D$40&'MAYO 2'!$E$11:$E$40,'MAYO 2'!$AM$11:$AM$40,_xlfn.XLOOKUP($A9&$B9,'MAYO 2'!$BC$11:$BC$40&'MAYO 2'!$BD$11:$BD$40,'MAYO 2'!$CL$11:$CL$40,"A"))/1%,"")} | DL9: {=IFERROR(_xlfn.XLOOKUP($A9&$B9,JUNIO!$D$11:$D$40&JUNIO!$E$11:$E$40,JUNIO!$AM$11:$AM$40,_xlfn.XLOOKUP($A9&$B9,JUNIO!$BC$11:$BC$40&JUNIO!$BD$11:$BD$40,JUNIO!$CL$11:$CL$40,"A"))/1%,"")} | DM9: {=IFERROR(_xlfn.XLOOKUP($A9&$B9,'JUNIO 2'!$D$11:$D$40&'JUNIO 2'!$E$11:$E$40,'JUNIO 2'!$AM$11:$AM$40,_xlfn.XLOOKUP($A9&$B9,'JUNIO 2'!$BC$11:$BC$40&'JUNIO 2'!$BD$11:$BD$40,'JUNIO 2'!$CL$11:$CL$40,"A"))/1%,"")} | DN9: {=IFERROR(_xlfn.XLOOKUP($A9&$B9,JULIO!$D$11:$D$40&JULIO!$E$11:$E$40,JULIO!$AM$11:$AM$40,_xlfn.XLOOKUP($A9&$B9,JULIO!$BC$11:$BC$40&JULIO!$BD$11:$BD$40,JULIO!$CL$11:$CL$40,"A"))/1%,"")} | DO9: {=IFERROR(_xlfn.XLOOKUP($A9&$B9,'JULIO 2'!$D$11:$D$40&'JULIO 2'!$E$11:$E$40,'JULIO 2'!$AM$11:$AM$40,_xlfn.XLOOKUP($A9&$B9,'JULIO 2'!$BC$11:$BC$40&'JULIO 2'!$BD$11:$BD$40,'JULIO 2'!$CL$11:$CL$40,"A"))/1%,"")} | DP9: {=IFERROR(_xlfn.XLOOKUP($A9&$B9,AGOSTO!$D$11:$D$40&AGOSTO!$E$11:$E$40,AGOSTO!$AM$11:$AM$40,_xlfn.XLOOKUP($A9&$B9,AGOSTO!$BC$11:$BC$40&AGOSTO!$BD$11:$BD$40,AGOSTO!$CL$11:$CL$40,"A"))/1%,"")} | DQ9: {=IFERROR(_xlfn.XLOOKUP($A9&$B9,'AGOSTO 2'!$D$11:$D$40&'AGOSTO 2'!$E$11:$E$40,'AGOSTO 2'!$AM$11:$AM$40,_xlfn.XLOOKUP($A9&$B9,'AGOSTO 2'!$BC$11:$BC$40&'AGOSTO 2'!$BD$11:$BD$40,'AGOSTO 2'!$CL$11:$CL$40,"A"))/1%,"")} | DR9: {=IFERROR(_xlfn.XLOOKUP($A9&$B9,SEPTIEMBRE!$D$11:$D$40&SEPTIEMBRE!$E$11:$E$40,SEPTIEMBRE!$AM$11:$AM$40,_xlfn.XLOOKUP($A9&$B9,SEPTIEMBRE!$BC$11:$BC$40&SEPTIEMBRE!$BD$11:$BD$40,SEPTIEMBRE!$CL$11:$CL$40,"A"))/1%,"")} | DS9: {=IFERROR(_xlfn.XLOOKUP($A9&$B9,'SEPTIEMBRE 2'!$D$11:$D$40&'SEPTIEMBRE 2'!$E$11:$E$40,'SEPTIEMBRE 2'!$AM$11:$AM$40,_xlfn.XLOOKUP($A9&$B9,'SEPTIEMBRE 2'!$BC$11:$BC$40&'SEPTIEMBRE 2'!$BD$11:$BD$40,'SEPTIEMBRE 2'!$CL$11:$CL$40,"A"))/1%,"")} | DT9: {=IFERROR(_xlfn.XLOOKUP($A9&$B9,'SEPTIEMBRE 3'!$D$11:$D$40&'SEPTIEMBRE 3'!$E$11:$E$40,'SEPTIEMBRE 3'!$AM$11:$AM$40,_xlfn.XLOOKUP($A9&$B9,'SEPTIEMBRE 3'!$BC$11:$BC$40&'SEPTIEMBRE 3'!$BD$11:$BD$40,'SEPTIEMBRE 3'!$CL$11:$CL$40,"A"))/1%,"")} | DU9: {=IFERROR(_xlfn.XLOOKUP($A9&$B9,OCTUBRE!$D$11:$D$40&OCTUBRE!$E$11:$E$40,OCTUBRE!$AM$11:$AM$40,_xlfn.XLOOKUP($A9&$B9,OCTUBRE!$BC$11:$BC$40&OCTUBRE!$BD$11:$BD$40,OCTUBRE!$CL$11:$CL$40,"A"))/1%,"")} | DV9: {=IFERROR(_xlfn.XLOOKUP($A9&$B9,'OCTUBRE 2'!$D$11:$D$40&'OCTUBRE 2'!$E$11:$E$40,'OCTUBRE 2'!$AM$11:$AM$40,_xlfn.XLOOKUP($A9&$B9,'OCTUBRE 2'!$BC$11:$BC$40&'OCTUBRE 2'!$BD$11:$BD$40,'OCTUBRE 2'!$CL$11:$CL$40,"A"))/1%,"")} | DW9: {=IFERROR(_xlfn.XLOOKUP($A9&$B9,NOVIEMBRE!$D$11:$D$40&NOVIEMBRE!$E$11:$E$40,NOVIEMBRE!$AM$11:$AM$40,_xlfn.XLOOKUP($A9&$B9,NOVIEMBRE!$BC$11:$BC$40&NOVIEMBRE!$BD$11:$BD$40,NOVIEMBRE!$CL$11:$CL$40,"A"))/1%,"")} | DX9: {=IFERROR(_xlfn.XLOOKUP($A9&$B9,'NOVIEMBRE 2'!$D$11:$D$40&'NOVIEMBRE 2'!$E$11:$E$40,'NOVIEMBRE 2'!$AM$11:$AM$40,_xlfn.XLOOKUP($A9&$B9,'NOVIEMBRE 2'!$BC$11:$BC$40&'NOVIEMBRE 2'!$BD$11:$BD$40,'NOVIEMBRE 2'!$CL$11:$CL$40,"A"))/1%,"")} | DY9: {=IFERROR(_xlfn.XLOOKUP($A9&$B9,DICIEMBRE!$D$11:$D$40&DICIEMBRE!$E$11:$E$40,DICIEMBRE!$AM$11:$AM$40,_xlfn.XLOOKUP($A9&$B9,DICIEMBRE!$BC$11:$BC$40&DICIEMBRE!$BD$11:$BD$40,DICIEMBRE!$CL$11:$CL$40,"A"))/1%,"")} | DZ9: =IFERROR(IF(COUNTIF(C9:N9,"-"),"A",ROUND(AVERAGE(C9:N9),0)),"-") -> - | EA9: =IFERROR(IF(COUNTIF(O9:Z9,"-"),"A",ROUND(AVERAGE(O9:Z9),0)),"-") -> - | EB9: =IFERROR(IF(COUNTIF(AA9:AL9,"-"),"A",ROUND(AVERAGE(AA9:AL9),0)),"-") -> - | EC9: =IFERROR(IF(COUNTIF(AM9:AX9,"-"),"A",ROUND(AVERAGE(AM9:AX9),0)),"-") -> - | ED9: =IFERROR(IF(COUNTIF(AY9:BJ9,"-"),"A",ROUND(AVERAGE(AY9:BJ9),0)),"-") -> - | EE9: =IFERROR(IF(COUNTIF(BK9:BV9,"-"),"A",ROUND(AVERAGE(BK9:BV9),0)),"-") -> - | EF9: =IFERROR(IF(COUNTIF(BW9:CH9,"-"),"A",ROUND(AVERAGE(BW9:CH9),0)),"-") -> - | EG9: =IFERROR(IF(COUNTIF(CI9:CT9,"-"),"A",ROUND(AVERAGE(CI9:CT9),0)),"-") -> - | EH9: =IFERROR(IF(COUNTIF(CU9:DF9,"-"),"A",ROUND(AVERAGE(CU9:DF9),0)),"-") -> - | EI9: =IFERROR(ROUND(AVERAGE(DZ9:EH9),0),"") | EN9: {=IFERROR(_xlfn.XLOOKUP($A9&$B9,MARZO!$D$11:$D$40&MARZO!$E$11:$E$40,MARZO!$AK$11:$AK$40,_xlfn.XLOOKUP($A9&$B9,MARZO!$BC$11:$BC$40&MARZO!$BD$11:$BD$40,MARZO!$CJ$11:$CJ$40,"A")),"")} -> 0 | EO9: {=IFERROR(_xlfn.XLOOKUP($A9&$B9,ABRIL!$D$11:$D$40&ABRIL!$E$11:$E$40,ABRIL!$AK$11:$AK$40,_xlfn.XLOOKUP($A9&$B9,ABRIL!$BC$11:$BC$40&ABRIL!$BD$11:$BD$40,ABRIL!$CJ$11:$CJ$40,"A")),"")} -> 0 | EP9: {=IFERROR(_xlfn.XLOOKUP($A9&$B9,'ABRIL 2'!$D$11:$D$40&'ABRIL 2'!$E$11:$E$40,'ABRIL 2'!$AK$11:$AK$40,_xlfn.XLOOKUP($A9&$B9,'ABRIL 2'!$BC$11:$BC$40&'ABRIL 2'!$BD$11:$BD$40,'ABRIL 2'!$CJ$11:$CJ$40,"A")),"")} -> 0 | EQ9: {=IFERROR(_xlfn.XLOOKUP($A9&$B9,MAYO!$D$11:$D$40&MAYO!$E$11:$E$40,MAYO!$AK$11:$AK$40,_xlfn.XLOOKUP($A9&$B9,MAYO!$BC$11:$BC$40&MAYO!$BD$11:$BD$40,MAYO!$CJ$11:$CJ$40,"A")),"")} -> 0 | ER9: {=IFERROR(_xlfn.XLOOKUP($A9&$B9,'MAYO 2'!$D$11:$D$40&'MAYO 2'!$E$11:$E$40,'MAYO 2'!$AK$11:$AK$40,_xlfn.XLOOKUP($A9&$B9,'MAYO 2'!$BC$11:$BC$40&'MAYO 2'!$BD$11:$BD$40,'MAYO 2'!$CJ$11:$CJ$40,"A")),"")} -> 0 | ES9: {=IFERROR(_xlfn.XLOOKUP($A9&$B9,JUNIO!$D$11:$D$40&JUNIO!$E$11:$E$40,JUNIO!$AK$11:$AK$40,_xlfn.XLOOKUP($A9&$B9,JUNIO!$BC$11:$BC$40&JUNIO!$BD$11:$BD$40,JUNIO!$CJ$11:$CJ$40,"A")),"")} -> 0 | ET9: {=IFERROR(_xlfn.XLOOKUP($A9&$B9,'JUNIO 2'!$D$11:$D$40&'JUNIO 2'!$E$11:$E$40,'JUNIO 2'!$AK$11:$AK$40,_xlfn.XLOOKUP($A9&$B9,'JUNIO 2'!$BC$11:$BC$40&'JUNIO 2'!$BD$11:$BD$40,'JUNIO 2'!$CJ$11:$CJ$40,"A")),"")} -> 0 | EU9: {=IFERROR(_xlfn.XLOOKUP($A9&$B9,JULIO!$D$11:$D$40&JULIO!$E$11:$E$40,JULIO!$AK$11:$AK$40,_xlfn.XLOOKUP($A9&$B9,JULIO!$BC$11:$BC$40&JULIO!$BD$11:$BD$40,JULIO!$CJ$11:$CJ$40,"A")),"")} -> 0 | EV9: {=IFERROR(_xlfn.XLOOKUP($A9&$B9,'JULIO 2'!$D$11:$D$40&'JULIO 2'!$E$11:$E$40,'JULIO 2'!$AK$11:$AK$40,_xlfn.XLOOKUP($A9&$B9,'JULIO 2'!$BC$11:$BC$40&'JULIO 2'!$BD$11:$BD$40,'JULIO 2'!$CJ$11:$CJ$40,"A")),"")} -> 0 | EW9: {=IFERROR(_xlfn.XLOOKUP($A9&$B9,AGOSTO!$D$11:$D$40&AGOSTO!$E$11:$E$40,AGOSTO!$AK$11:$AK$40,_xlfn.XLOOKUP($A9&$B9,AGOSTO!$BC$11:$BC$40&AGOSTO!$BD$11:$BD$40,AGOSTO!$CJ$11:$CJ$40,"A")),"")} -> 0 | EX9: {=IFERROR(_xlfn.XLOOKUP($A9&$B9,'AGOSTO 2'!$D$11:$D$40&'AGOSTO 2'!$E$11:$E$40,'AGOSTO 2'!$AK$11:$AK$40,_xlfn.XLOOKUP($A9&$B9,'AGOSTO 2'!$BC$11:$BC$40&'AGOSTO 2'!$BD$11:$BD$40,'AGOSTO 2'!$CJ$11:$CJ$40,"A")),"")} -> 0 | EY9: {=IFERROR(_xlfn.XLOOKUP($A9&$B9,SEPTIEMBRE!$D$11:$D$40&SEPTIEMBRE!$E$11:$E$40,SEPTIEMBRE!$AK$11:$AK$40,_xlfn.XLOOKUP($A9&$B9,SEPTIEMBRE!$BC$11:$BC$40&SEPTIEMBRE!$BD$11:$BD$40,SEPTIEMBRE!$CJ$11:$CJ$40,"A")),"")} -> 0 | EZ9: {=IFERROR(_xlfn.XLOOKUP($A9&$B9,'SEPTIEMBRE 2'!$D$11:$D$40&'SEPTIEMBRE 2'!$E$11:$E$40,'SEPTIEMBRE 2'!$AK$11:$AK$40,_xlfn.XLOOKUP($A9&$B9,'SEPTIEMBRE 2'!$BC$11:$BC$40&'SEPTIEMBRE 2'!$BD$11:$BD$40,'SEPTIEMBRE 2'!$CJ$11:$CJ$40,"A")),"")} -> 0 | FA9: {=IFERROR(_xlfn.XLOOKUP($A9&$B9,'SEPTIEMBRE 3'!$D$11:$D$40&'SEPTIEMBRE 3'!$E$11:$E$40,'SEPTIEMBRE 3'!$AK$11:$AK$40,_xlfn.XLOOKUP($A9&$B9,'SEPTIEMBRE 3'!$BC$11:$BC$40&'SEPTIEMBRE 3'!$BD$11:$BD$40,'SEPTIEMBRE 3'!$CJ$11:$CJ$40,"A")),"")} -> 0 | FB9: {=IFERROR(_xlfn.XLOOKUP($A9&$B9,OCTUBRE!$D$11:$D$40&OCTUBRE!$E$11:$E$40,OCTUBRE!$AK$11:$AK$40,_xlfn.XLOOKUP($A9&$B9,OCTUBRE!$BC$11:$BC$40&OCTUBRE!$BD$11:$BD$40,OCTUBRE!$CJ$11:$CJ$40,"A")),"")} -> 0 | FC9: {=IFERROR(_xlfn.XLOOKUP($A9&$B9,'OCTUBRE 2'!$D$11:$D$40&'OCTUBRE 2'!$E$11:$E$40,'OCTUBRE 2'!$AK$11:$AK$40,_xlfn.XLOOKUP($A9&$B9,'OCTUBRE 2'!$BC$11:$BC$40&'OCTUBRE 2'!$BD$11:$BD$40,'OCTUBRE 2'!$CJ$11:$CJ$40,"A")),"")} -> 0 | FD9: {=IFERROR(_xlfn.XLOOKUP($A9&$B9,NOVIEMBRE!$D$11:$D$40&NOVIEMBRE!$E$11:$E$40,NOVIEMBRE!$AK$11:$AK$40,_xlfn.XLOOKUP($A9&$B9,NOVIEMBRE!$BC$11:$BC$40&NOVIEMBRE!$BD$11:$BD$40,NOVIEMBRE!$CJ$11:$CJ$40,"A")),"")} -> 0 | FE9: {=IFERROR(_xlfn.XLOOKUP($A9&$B9,'NOVIEMBRE 2'!$D$11:$D$40&'NOVIEMBRE 2'!$E$11:$E$40,'NOVIEMBRE 2'!$AK$11:$AK$40,_xlfn.XLOOKUP($A9&$B9,'NOVIEMBRE 2'!$BC$11:$BC$40&'NOVIEMBRE 2'!$BD$11:$BD$40,'NOVIEMBRE 2'!$CJ$11:$CJ$40,"A")),"")} -> 0 | FF9: {=IFERROR(_xlfn.XLOOKUP($A9&$B9,DICIEMBRE!$D$11:$D$40&DICIEMBRE!$E$11:$E$40,DICIEMBRE!$AK$11:$AK$40,_xlfn.XLOOKUP($A9&$B9,DICIEMBRE!$BC$11:$BC$40&DICIEMBRE!$BD$11:$BD$40,DICIEMBRE!$CJ$11:$CJ$40,"A")),"")} -> 0 | FG9: =IF( AND(N9="", Z9="", AL9="", AX9="", BJ9="", BV9="", CH9="", CT9="",DF9=""), "", TEXTJOIN( " ", TRUE, IF(AND(N9<>"", N9>=40, COUNTA(C9:M9)=0), "⚠️Faltan notas del Módulo I", ""), IF(AND(Z9<>"", Z9>=40, COUNTA(O9:Y9)=0), "⚠️Faltan notas del Módulo II", ""), IF(AND(AL9<>"", AL9>=40, COUNTA(AA9:AK9)=0), "⚠️Faltan notas del Módulo III", ""), IF(AND(AX9<>"", AX9>=40, COUNTA(AM9:AW9)=0), "⚠️Faltan notas del Módulo IV", ""), IF(AND(BJ9<>"", BJ9>=40, COUNTA(AY9:BI9)=0), "⚠️Faltan notas del Módulo V", ""), IF(AND(BV9<>"", BV9>=40, COUNTA(BK9:BU9)=0), "⚠️Faltan notas del Módulo VI", ""), IF(AND(CH9<>"", CH9>=40, COUNTA(BW9:CG9)=0), "⚠️Faltan notas del Módulo VII", ""), IF(AND(CT9<>"", CT9>=40, COUNTA(CI9:CS9)=0), "⚠️Faltan notas del Módulo VIII", ""), IF(AND(DF9<>"", DF9>=40, COUNTA(CU9:DE9)=0), "⚠️Faltan notas del Módulo IX", "") ) ) | FH9: {=IF( COUNT(DZ9:EH9)=0, "-", IF( COUNT(DZ9:EH9) < COUNTA(DZ9:EH9), REPT("🟩", ROUND(COUNT(DZ9:EH9)/COUNTA(DZ9:EH9)*5, 0)) & REPT("⬜", 5 - ROUND(COUNT(DZ9:EH9)/COUNTA(DZ9:EH9)*5, 0)), IF( AVERAGE(IF(DZ9:EH9<>"", DZ9:EH9, )) >= 70, "🟩🟩🟩🟩🟩", IF( AVERAGE(IF(DZ9:EH9<>"",DZ9:EH9, )) >= 56, "🟨🟨🟨🟨🟨", "🟥🟥🟥🟥🟥" ) ) ) )} -> -
N10: =IFERROR(SUM(DT10:DU10)/SUM($DT$7:$DU$7)*100,"") | Z10: =IFERROR(SUM(EB10:EC10)/SUM($EB$7:$EC$7)*100,"") | AL10: =IFERROR(SUM(EK10:EL10)/SUM($EK$7:$EL$7)*100,"") | AX10: =IFERROR(SUM(EW10:EY10)/SUM($EW$7:$EY$7)*100,"") | BJ10: =IFERROR(SUM(EZ10)/SUM($EZ$7)*100,"") | BV10: =IFERROR(SUM(FA10:FB10)/SUM($FA$7:$FB$7)*100,"") | CH10: =IFERROR(SUM(FC10:FD10)/SUM($FC$7:$FD$7)*100,"") | CT10: =IFERROR(SUM(FE10:FF10)/SUM($FE$7:$FF$7)*100,"") | DG10: {=IFERROR(_xlfn.XLOOKUP($A10&B10,MARZO!$D$11:$D$40&MARZO!$E$11:$E$40,MARZO!$AM$11:$AM$40,_xlfn.XLOOKUP($A10&$B10,MARZO!$BC$11:$BC$40&MARZO!$BD$11:$BD$40,MARZO!$CL$11:$CL$40,"A"))/1%,"")} | DH10: {=IFERROR(_xlfn.XLOOKUP($A10&$B10,ABRIL!$D$11:$D$40&ABRIL!$E$11:$E$40,ABRIL!$AM$11:$AM$40,_xlfn.XLOOKUP($A10&$B10,ABRIL!$BC$11:$BC$40&ABRIL!$BD$11:$BD$40,ABRIL!$CL$11:$CL$40,"A"))/1%,"")} | DI10: {=IFERROR(_xlfn.XLOOKUP($A10&$B10,'ABRIL 2'!$D$11:$D$40&'ABRIL 2'!$E$11:$E$40,'ABRIL 2'!$AM$11:$AM$40,_xlfn.XLOOKUP($A10&$B10,'ABRIL 2'!$BC$11:$BC$40&'ABRIL 2'!$BD$11:$BD$40,'ABRIL 2'!$CL$11:$CL$40,"A"))/1%,"")} | DJ10: {=IFERROR(_xlfn.XLOOKUP($A10&$B10,MAYO!$D$11:$D$40&MAYO!$E$11:$E$40,MAYO!$AM$11:$AM$40,_xlfn.XLOOKUP($A10&$B10,MAYO!$BC$11:$BC$40&MAYO!$BD$11:$BD$40,MAYO!$CL$11:$CL$40,"A"))/1%,"")} | DK10: {=IFERROR(_xlfn.XLOOKUP($A10&$B10,'MAYO 2'!$D$11:$D$40&'MAYO 2'!$E$11:$E$40,'MAYO 2'!$AM$11:$AM$40,_xlfn.XLOOKUP($A10&$B10,'MAYO 2'!$BC$11:$BC$40&'MAYO 2'!$BD$11:$BD$40,'MAYO 2'!$CL$11:$CL$40,"A"))/1%,"")} | DL10: {=IFERROR(_xlfn.XLOOKUP($A10&$B10,JUNIO!$D$11:$D$40&JUNIO!$E$11:$E$40,JUNIO!$AM$11:$AM$40,_xlfn.XLOOKUP($A10&$B10,JUNIO!$BC$11:$BC$40&JUNIO!$BD$11:$BD$40,JUNIO!$CL$11:$CL$40,"A"))/1%,"")} | DM10: {=IFERROR(_xlfn.XLOOKUP($A10&$B10,'JUNIO 2'!$D$11:$D$40&'JUNIO 2'!$E$11:$E$40,'JUNIO 2'!$AM$11:$AM$40,_xlfn.XLOOKUP($A10&$B10,'JUNIO 2'!$BC$11:$BC$40&'JUNIO 2'!$BD$11:$BD$40,'JUNIO 2'!$CL$11:$CL$40,"A"))/1%,"")} | DN10: {=IFERROR(_xlfn.XLOOKUP($A10&$B10,JULIO!$D$11:$D$40&JULIO!$E$11:$E$40,JULIO!$AM$11:$AM$40,_xlfn.XLOOKUP($A10&$B10,JULIO!$BC$11:$BC$40&JULIO!$BD$11:$BD$40,JULIO!$CL$11:$CL$40,"A"))/1%,"")} | DO10: {=IFERROR(_xlfn.XLOOKUP($A10&$B10,'JULIO 2'!$D$11:$D$40&'JULIO 2'!$E$11:$E$40,'JULIO 2'!$AM$11:$AM$40,_xlfn.XLOOKUP($A10&$B10,'JULIO 2'!$BC$11:$BC$40&'JULIO 2'!$BD$11:$BD$40,'JULIO 2'!$CL$11:$CL$40,"A"))/1%,"")} | DP10: {=IFERROR(_xlfn.XLOOKUP($A10&$B10,AGOSTO!$D$11:$D$40&AGOSTO!$E$11:$E$40,AGOSTO!$AM$11:$AM$40,_xlfn.XLOOKUP($A10&$B10,AGOSTO!$BC$11:$BC$40&AGOSTO!$BD$11:$BD$40,AGOSTO!$CL$11:$CL$40,"A"))/1%,"")} | DQ10: {=IFERROR(_xlfn.XLOOKUP($A10&$B10,'AGOSTO 2'!$D$11:$D$40&'AGOSTO 2'!$E$11:$E$40,'AGOSTO 2'!$AM$11:$AM$40,_xlfn.XLOOKUP($A10&$B10,'AGOSTO 2'!$BC$11:$BC$40&'AGOSTO 2'!$BD$11:$BD$40,'AGOSTO 2'!$CL$11:$CL$40,"A"))/1%,"")} | DR10: {=IFERROR(_xlfn.XLOOKUP($A10&$B10,SEPTIEMBRE!$D$11:$D$40&SEPTIEMBRE!$E$11:$E$40,SEPTIEMBRE!$AM$11:$AM$40,_xlfn.XLOOKUP($A10&$B10,SEPTIEMBRE!$BC$11:$BC$40&SEPTIEMBRE!$BD$11:$BD$40,SEPTIEMBRE!$CL$11:$CL$40,"A"))/1%,"")} | DS10: {=IFERROR(_xlfn.XLOOKUP($A10&$B10,'SEPTIEMBRE 2'!$D$11:$D$40&'SEPTIEMBRE 2'!$E$11:$E$40,'SEPTIEMBRE 2'!$AM$11:$AM$40,_xlfn.XLOOKUP($A10&$B10,'SEPTIEMBRE 2'!$BC$11:$BC$40&'SEPTIEMBRE 2'!$BD$11:$BD$40,'SEPTIEMBRE 2'!$CL$11:$CL$40,"A"))/1%,"")} | DT10: {=IFERROR(_xlfn.XLOOKUP($A10&$B10,'SEPTIEMBRE 3'!$D$11:$D$40&'SEPTIEMBRE 3'!$E$11:$E$40,'SEPTIEMBRE 3'!$AM$11:$AM$40,_xlfn.XLOOKUP($A10&$B10,'SEPTIEMBRE 3'!$BC$11:$BC$40&'SEPTIEMBRE 3'!$BD$11:$BD$40,'SEPTIEMBRE 3'!$CL$11:$CL$40,"A"))/1%,"")} | DU10: {=IFERROR(_xlfn.XLOOKUP($A10&$B10,OCTUBRE!$D$11:$D$40&OCTUBRE!$E$11:$E$40,OCTUBRE!$AM$11:$AM$40,_xlfn.XLOOKUP($A10&$B10,OCTUBRE!$BC$11:$BC$40&OCTUBRE!$BD$11:$BD$40,OCTUBRE!$CL$11:$CL$40,"A"))/1%,"")} | DV10: {=IFERROR(_xlfn.XLOOKUP($A10&$B10,'OCTUBRE 2'!$D$11:$D$40&'OCTUBRE 2'!$E$11:$E$40,'OCTUBRE 2'!$AM$11:$AM$40,_xlfn.XLOOKUP($A10&$B10,'OCTUBRE 2'!$BC$11:$BC$40&'OCTUBRE 2'!$BD$11:$BD$40,'OCTUBRE 2'!$CL$11:$CL$40,"A"))/1%,"")} | DW10: {=IFERROR(_xlfn.XLOOKUP($A10&$B10,NOVIEMBRE!$D$11:$D$40&NOVIEMBRE!$E$11:$E$40,NOVIEMBRE!$AM$11:$AM$40,_xlfn.XLOOKUP($A10&$B10,NOVIEMBRE!$BC$11:$BC$40&NOVIEMBRE!$BD$11:$BD$40,NOVIEMBRE!$CL$11:$CL$40,"A"))/1%,"")} | DX10: {=IFERROR(_xlfn.XLOOKUP($A10&$B10,'NOVIEMBRE 2'!$D$11:$D$40&'NOVIEMBRE 2'!$E$11:$E$40,'NOVIEMBRE 2'!$AM$11:$AM$40,_xlfn.XLOOKUP($A10&$B10,'NOVIEMBRE 2'!$BC$11:$BC$40&'NOVIEMBRE 2'!$BD$11:$BD$40,'NOVIEMBRE 2'!$CL$11:$CL$40,"A"))/1%,"")} | DY10: {=IFERROR(_xlfn.XLOOKUP($A10&$B10,DICIEMBRE!$D$11:$D$40&DICIEMBRE!$E$11:$E$40,DICIEMBRE!$AM$11:$AM$40,_xlfn.XLOOKUP($A10&$B10,DICIEMBRE!$BC$11:$BC$40&DICIEMBRE!$BD$11:$BD$40,DICIEMBRE!$CL$11:$CL$40,"A"))/1%,"")} | DZ10: =IFERROR(IF(COUNTIF(C10:N10,"-"),"A",ROUND(AVERAGE(C10:N10),0)),"-") -> - | EA10: =IFERROR(IF(COUNTIF(O10:Z10,"-"),"A",ROUND(AVERAGE(O10:Z10),0)),"-") -> - | EB10: =IFERROR(IF(COUNTIF(AA10:AL10,"-"),"A",ROUND(AVERAGE(AA10:AL10),0)),"-") -> - | EC10: =IFERROR(IF(COUNTIF(AM10:AX10,"-"),"A",ROUND(AVERAGE(AM10:AX10),0)),"-") -> - | ED10: =IFERROR(IF(COUNTIF(AY10:BJ10,"-"),"A",ROUND(AVERAGE(AY10:BJ10),0)),"-") -> - | EE10: =IFERROR(IF(COUNTIF(BK10:BV10,"-"),"A",ROUND(AVERAGE(BK10:BV10),0)),"-") -> - | EF10: =IFERROR(IF(COUNTIF(BW10:CH10,"-"),"A",ROUND(AVERAGE(BW10:CH10),0)),"-") -> - | EG10: =IFERROR(IF(COUNTIF(CI10:CT10,"-"),"A",ROUND(AVERAGE(CI10:CT10),0)),"-") -> - | EH10: =IFERROR(IF(COUNTIF(CU10:DF10,"-"),"A",ROUND(AVERAGE(CU10:DF10),0)),"-") -> - | EI10: =IFERROR(ROUND(AVERAGE(DZ10:EH10),0),"") | EN10: {=IFERROR(_xlfn.XLOOKUP($A10&$B10,MARZO!$D$11:$D$40&MARZO!$E$11:$E$40,MARZO!$AK$11:$AK$40,_xlfn.XLOOKUP($A10&$B10,MARZO!$BC$11:$BC$40&MARZO!$BD$11:$BD$40,MARZO!$CJ$11:$CJ$40,"A")),"")} -> 0 | EO10: {=IFERROR(_xlfn.XLOOKUP($A10&$B10,ABRIL!$D$11:$D$40&ABRIL!$E$11:$E$40,ABRIL!$AK$11:$AK$40,_xlfn.XLOOKUP($A10&$B10,ABRIL!$BC$11:$BC$40&ABRIL!$BD$11:$BD$40,ABRIL!$CJ$11:$CJ$40,"A")),"")} -> 0 | EP10: {=IFERROR(_xlfn.XLOOKUP($A10&$B10,'ABRIL 2'!$D$11:$D$40&'ABRIL 2'!$E$11:$E$40,'ABRIL 2'!$AK$11:$AK$40,_xlfn.XLOOKUP($A10&$B10,'ABRIL 2'!$BC$11:$BC$40&'ABRIL 2'!$BD$11:$BD$40,'ABRIL 2'!$CJ$11:$CJ$40,"A")),"")} -> 0 | EQ10: {=IFERROR(_xlfn.XLOOKUP($A10&$B10,MAYO!$D$11:$D$40&MAYO!$E$11:$E$40,MAYO!$AK$11:$AK$40,_xlfn.XLOOKUP($A10&$B10,MAYO!$BC$11:$BC$40&MAYO!$BD$11:$BD$40,MAYO!$CJ$11:$CJ$40,"A")),"")} -> 0 | ER10: {=IFERROR(_xlfn.XLOOKUP($A10&$B10,'MAYO 2'!$D$11:$D$40&'MAYO 2'!$E$11:$E$40,'MAYO 2'!$AK$11:$AK$40,_xlfn.XLOOKUP($A10&$B10,'MAYO 2'!$BC$11:$BC$40&'MAYO 2'!$BD$11:$BD$40,'MAYO 2'!$CJ$11:$CJ$40,"A")),"")} -> 0 | ES10: {=IFERROR(_xlfn.XLOOKUP($A10&$B10,JUNIO!$D$11:$D$40&JUNIO!$E$11:$E$40,JUNIO!$AK$11:$AK$40,_xlfn.XLOOKUP($A10&$B10,JUNIO!$BC$11:$BC$40&JUNIO!$BD$11:$BD$40,JUNIO!$CJ$11:$CJ$40,"A")),"")} -> 0 | ET10: {=IFERROR(_xlfn.XLOOKUP($A10&$B10,'JUNIO 2'!$D$11:$D$40&'JUNIO 2'!$E$11:$E$40,'JUNIO 2'!$AK$11:$AK$40,_xlfn.XLOOKUP($A10&$B10,'JUNIO 2'!$BC$11:$BC$40&'JUNIO 2'!$BD$11:$BD$40,'JUNIO 2'!$CJ$11:$CJ$40,"A")),"")} -> 0 | EU10: {=IFERROR(_xlfn.XLOOKUP($A10&$B10,JULIO!$D$11:$D$40&JULIO!$E$11:$E$40,JULIO!$AK$11:$AK$40,_xlfn.XLOOKUP($A10&$B10,JULIO!$BC$11:$BC$40&JULIO!$BD$11:$BD$40,JULIO!$CJ$11:$CJ$40,"A")),"")} -> 0 | EV10: {=IFERROR(_xlfn.XLOOKUP($A10&$B10,'JULIO 2'!$D$11:$D$40&'JULIO 2'!$E$11:$E$40,'JULIO 2'!$AK$11:$AK$40,_xlfn.XLOOKUP($A10&$B10,'JULIO 2'!$BC$11:$BC$40&'JULIO 2'!$BD$11:$BD$40,'JULIO 2'!$CJ$11:$CJ$40,"A")),"")} -> 0 | EW10: {=IFERROR(_xlfn.XLOOKUP($A10&$B10,AGOSTO!$D$11:$D$40&AGOSTO!$E$11:$E$40,AGOSTO!$AK$11:$AK$40,_xlfn.XLOOKUP($A10&$B10,AGOSTO!$BC$11:$BC$40&AGOSTO!$BD$11:$BD$40,AGOSTO!$CJ$11:$CJ$40,"A")),"")} -> 0 | EX10: {=IFERROR(_xlfn.XLOOKUP($A10&$B10,'AGOSTO 2'!$D$11:$D$40&'AGOSTO 2'!$E$11:$E$40,'AGOSTO 2'!$AK$11:$AK$40,_xlfn.XLOOKUP($A10&$B10,'AGOSTO 2'!$BC$11:$BC$40&'AGOSTO 2'!$BD$11:$BD$40,'AGOSTO 2'!$CJ$11:$CJ$40,"A")),"")} -> 0 | EY10: {=IFERROR(_xlfn.XLOOKUP($A10&$B10,SEPTIEMBRE!$D$11:$D$40&SEPTIEMBRE!$E$11:$E$40,SEPTIEMBRE!$AK$11:$AK$40,_xlfn.XLOOKUP($A10&$B10,SEPTIEMBRE!$BC$11:$BC$40&SEPTIEMBRE!$BD$11:$BD$40,SEPTIEMBRE!$CJ$11:$CJ$40,"A")),"")} -> 0 | EZ10: {=IFERROR(_xlfn.XLOOKUP($A10&$B10,'SEPTIEMBRE 2'!$D$11:$D$40&'SEPTIEMBRE 2'!$E$11:$E$40,'SEPTIEMBRE 2'!$AK$11:$AK$40,_xlfn.XLOOKUP($A10&$B10,'SEPTIEMBRE 2'!$BC$11:$BC$40&'SEPTIEMBRE 2'!$BD$11:$BD$40,'SEPTIEMBRE 2'!$CJ$11:$CJ$40,"A")),"")} -> 0 | FA10: {=IFERROR(_xlfn.XLOOKUP($A10&$B10,'SEPTIEMBRE 3'!$D$11:$D$40&'SEPTIEMBRE 3'!$E$11:$E$40,'SEPTIEMBRE 3'!$AK$11:$AK$40,_xlfn.XLOOKUP($A10&$B10,'SEPTIEMBRE 3'!$BC$11:$BC$40&'SEPTIEMBRE 3'!$BD$11:$BD$40,'SEPTIEMBRE 3'!$CJ$11:$CJ$40,"A")),"")} -> 0 | FB10: {=IFERROR(_xlfn.XLOOKUP($A10&$B10,OCTUBRE!$D$11:$D$40&OCTUBRE!$E$11:$E$40,OCTUBRE!$AK$11:$AK$40,_xlfn.XLOOKUP($A10&$B10,OCTUBRE!$BC$11:$BC$40&OCTUBRE!$BD$11:$BD$40,OCTUBRE!$CJ$11:$CJ$40,"A")),"")} -> 0 | FC10: {=IFERROR(_xlfn.XLOOKUP($A10&$B10,'OCTUBRE 2'!$D$11:$D$40&'OCTUBRE 2'!$E$11:$E$40,'OCTUBRE 2'!$AK$11:$AK$40,_xlfn.XLOOKUP($A10&$B10,'OCTUBRE 2'!$BC$11:$BC$40&'OCTUBRE 2'!$BD$11:$BD$40,'OCTUBRE 2'!$CJ$11:$CJ$40,"A")),"")} -> 0 | FD10: {=IFERROR(_xlfn.XLOOKUP($A10&$B10,NOVIEMBRE!$D$11:$D$40&NOVIEMBRE!$E$11:$E$40,NOVIEMBRE!$AK$11:$AK$40,_xlfn.XLOOKUP($A10&$B10,NOVIEMBRE!$BC$11:$BC$40&NOVIEMBRE!$BD$11:$BD$40,NOVIEMBRE!$CJ$11:$CJ$40,"A")),"")} -> 0 | FE10: {=IFERROR(_xlfn.XLOOKUP($A10&$B10,'NOVIEMBRE 2'!$D$11:$D$40&'NOVIEMBRE 2'!$E$11:$E$40,'NOVIEMBRE 2'!$AK$11:$AK$40,_xlfn.XLOOKUP($A10&$B10,'NOVIEMBRE 2'!$BC$11:$BC$40&'NOVIEMBRE 2'!$BD$11:$BD$40,'NOVIEMBRE 2'!$CJ$11:$CJ$40,"A")),"")} -> 0 | FF10: {=IFERROR(_xlfn.XLOOKUP($A10&$B10,DICIEMBRE!$D$11:$D$40&DICIEMBRE!$E$11:$E$40,DICIEMBRE!$AK$11:$AK$40,_xlfn.XLOOKUP($A10&$B10,DICIEMBRE!$BC$11:$BC$40&DICIEMBRE!$BD$11:$BD$40,DICIEMBRE!$CJ$11:$CJ$40,"A")),"")} -> 0 | FG10: =IF( AND(N10="", Z10="", AL10="", AX10="", BJ10="", BV10="", CH10="", CT10="",DF10=""), "", TEXTJOIN( " ", TRUE, IF(AND(N10<>"", N10>=40, COUNTA(C10:M10)=0), "⚠️Faltan notas del Módulo I", ""), IF(AND(Z10<>"", Z10>=40, COUNTA(O10:Y10)=0), "⚠️Faltan notas del Módulo II", ""), IF(AND(AL10<>"", AL10>=40, COUNTA(AA10:AK10)=0), "⚠️Faltan notas del Módulo III", ""), IF(AND(AX10<>"", AX10>=40, COUNTA(AM10:AW10)=0), "⚠️Faltan notas del Módulo IV", ""), IF(AND(BJ10<>"", BJ10>=40, COUNTA(AY10:BI10)=0), "⚠️Faltan notas del Módulo V", ""), IF(AND(BV10<>"", BV10>=40, COUNTA(BK10:BU10)=0), "⚠️Faltan notas del Módulo VI", ""), IF(AND(CH10<>"", CH10>=40, COUNTA(BW10:CG10)=0), "⚠️Faltan notas del Módulo VII", ""), IF(AND(CT10<>"", CT10>=40, COUNTA(CI10:CS10)=0), "⚠️Faltan notas del Módulo VIII", ""), IF(AND(DF10<>"", DF10>=40, COUNTA(CU10:DE10)=0), "⚠️Faltan notas del Módulo IX", "") ) ) | FH10: {=IF( COUNT(DZ10:EH10)=0, "-", IF( COUNT(DZ10:EH10) < COUNTA(DZ10:EH10), REPT("🟩", ROUND(COUNT(DZ10:EH10)/COUNTA(DZ10:EH10)*5, 0)) & REPT("⬜", 5 - ROUND(COUNT(DZ10:EH10)/COUNTA(DZ10:EH10)*5, 0)), IF( AVERAGE(IF(DZ10:EH10<>"", DZ10:EH10, )) >= 70, "🟩🟩🟩🟩🟩", IF( AVERAGE(IF(DZ10:EH10<>"",DZ10:EH10, )) >= 56, "🟨🟨🟨🟨🟨", "🟥🟥🟥🟥🟥" ) ) ) )} -> -
N11: =IFERROR(SUM(DT11:DU11)/SUM($DT$7:$DU$7)*100,"") | Z11: =IFERROR(SUM(EB11:EC11)/SUM($EB$7:$EC$7)*100,"") | AL11: =IFERROR(SUM(EK11:EL11)/SUM($EK$7:$EL$7)*100,"") | AX11: =IFERROR(SUM(EW11:EY11)/SUM($EW$7:$EY$7)*100,"") | BJ11: =IFERROR(SUM(EZ11)/SUM($EZ$7)*100,"") | BV11: =IFERROR(SUM(FA11:FB11)/SUM($FA$7:$FB$7)*100,"") | CH11: =IFERROR(SUM(FC11:FD11)/SUM($FC$7:$FD$7)*100,"") | CT11: =IFERROR(SUM(FE11:FF11)/SUM($FE$7:$FF$7)*100,"") | DG11: {=IFERROR(_xlfn.XLOOKUP($A11&B11,MARZO!$D$11:$D$40&MARZO!$E$11:$E$40,MARZO!$AM$11:$AM$40,_xlfn.XLOOKUP($A11&$B11,MARZO!$BC$11:$BC$40&MARZO!$BD$11:$BD$40,MARZO!$CL$11:$CL$40,"A"))/1%,"")} | DH11: {=IFERROR(_xlfn.XLOOKUP($A11&$B11,ABRIL!$D$11:$D$40&ABRIL!$E$11:$E$40,ABRIL!$AM$11:$AM$40,_xlfn.XLOOKUP($A11&$B11,ABRIL!$BC$11:$BC$40&ABRIL!$BD$11:$BD$40,ABRIL!$CL$11:$CL$40,"A"))/1%,"")} | DI11: {=IFERROR(_xlfn.XLOOKUP($A11&$B11,'ABRIL 2'!$D$11:$D$40&'ABRIL 2'!$E$11:$E$40,'ABRIL 2'!$AM$11:$AM$40,_xlfn.XLOOKUP($A11&$B11,'ABRIL 2'!$BC$11:$BC$40&'ABRIL 2'!$BD$11:$BD$40,'ABRIL 2'!$CL$11:$CL$40,"A"))/1%,"")} | DJ11: {=IFERROR(_xlfn.XLOOKUP($A11&$B11,MAYO!$D$11:$D$40&MAYO!$E$11:$E$40,MAYO!$AM$11:$AM$40,_xlfn.XLOOKUP($A11&$B11,MAYO!$BC$11:$BC$40&MAYO!$BD$11:$BD$40,MAYO!$CL$11:$CL$40,"A"))/1%,"")} | DK11: {=IFERROR(_xlfn.XLOOKUP($A11&$B11,'MAYO 2'!$D$11:$D$40&'MAYO 2'!$E$11:$E$40,'MAYO 2'!$AM$11:$AM$40,_xlfn.XLOOKUP($A11&$B11,'MAYO 2'!$BC$11:$BC$40&'MAYO 2'!$BD$11:$BD$40,'MAYO 2'!$CL$11:$CL$40,"A"))/1%,"")} | DL11: {=IFERROR(_xlfn.XLOOKUP($A11&$B11,JUNIO!$D$11:$D$40&JUNIO!$E$11:$E$40,JUNIO!$AM$11:$AM$40,_xlfn.XLOOKUP($A11&$B11,JUNIO!$BC$11:$BC$40&JUNIO!$BD$11:$BD$40,JUNIO!$CL$11:$CL$40,"A"))/1%,"")} | DM11: {=IFERROR(_xlfn.XLOOKUP($A11&$B11,'JUNIO 2'!$D$11:$D$40&'JUNIO 2'!$E$11:$E$40,'JUNIO 2'!$AM$11:$AM$40,_xlfn.XLOOKUP($A11&$B11,'JUNIO 2'!$BC$11:$BC$40&'JUNIO 2'!$BD$11:$BD$40,'JUNIO 2'!$CL$11:$CL$40,"A"))/1%,"")} | DN11: {=IFERROR(_xlfn.XLOOKUP($A11&$B11,JULIO!$D$11:$D$40&JULIO!$E$11:$E$40,JULIO!$AM$11:$AM$40,_xlfn.XLOOKUP($A11&$B11,JULIO!$BC$11:$BC$40&JULIO!$BD$11:$BD$40,JULIO!$CL$11:$CL$40,"A"))/1%,"")} | DO11: {=IFERROR(_xlfn.XLOOKUP($A11&$B11,'JULIO 2'!$D$11:$D$40&'JULIO 2'!$E$11:$E$40,'JULIO 2'!$AM$11:$AM$40,_xlfn.XLOOKUP($A11&$B11,'JULIO 2'!$BC$11:$BC$40&'JULIO 2'!$BD$11:$BD$40,'JULIO 2'!$CL$11:$CL$40,"A"))/1%,"")} | DP11: {=IFERROR(_xlfn.XLOOKUP($A11&$B11,AGOSTO!$D$11:$D$40&AGOSTO!$E$11:$E$40,AGOSTO!$AM$11:$AM$40,_xlfn.XLOOKUP($A11&$B11,AGOSTO!$BC$11:$BC$40&AGOSTO!$BD$11:$BD$40,AGOSTO!$CL$11:$CL$40,"A"))/1%,"")} | DQ11: {=IFERROR(_xlfn.XLOOKUP($A11&$B11,'AGOSTO 2'!$D$11:$D$40&'AGOSTO 2'!$E$11:$E$40,'AGOSTO 2'!$AM$11:$AM$40,_xlfn.XLOOKUP($A11&$B11,'AGOSTO 2'!$BC$11:$BC$40&'AGOSTO 2'!$BD$11:$BD$40,'AGOSTO 2'!$CL$11:$CL$40,"A"))/1%,"")} | DR11: {=IFERROR(_xlfn.XLOOKUP($A11&$B11,SEPTIEMBRE!$D$11:$D$40&SEPTIEMBRE!$E$11:$E$40,SEPTIEMBRE!$AM$11:$AM$40,_xlfn.XLOOKUP($A11&$B11,SEPTIEMBRE!$BC$11:$BC$40&SEPTIEMBRE!$BD$11:$BD$40,SEPTIEMBRE!$CL$11:$CL$40,"A"))/1%,"")} | DS11: {=IFERROR(_xlfn.XLOOKUP($A11&$B11,'SEPTIEMBRE 2'!$D$11:$D$40&'SEPTIEMBRE 2'!$E$11:$E$40,'SEPTIEMBRE 2'!$AM$11:$AM$40,_xlfn.XLOOKUP($A11&$B11,'SEPTIEMBRE 2'!$BC$11:$BC$40&'SEPTIEMBRE 2'!$BD$11:$BD$40,'SEPTIEMBRE 2'!$CL$11:$CL$40,"A"))/1%,"")} | DT11: {=IFERROR(_xlfn.XLOOKUP($A11&$B11,'SEPTIEMBRE 3'!$D$11:$D$40&'SEPTIEMBRE 3'!$E$11:$E$40,'SEPTIEMBRE 3'!$AM$11:$AM$40,_xlfn.XLOOKUP($A11&$B11,'SEPTIEMBRE 3'!$BC$11:$BC$40&'SEPTIEMBRE 3'!$BD$11:$BD$40,'SEPTIEMBRE 3'!$CL$11:$CL$40,"A"))/1%,"")} | DU11: {=IFERROR(_xlfn.XLOOKUP($A11&$B11,OCTUBRE!$D$11:$D$40&OCTUBRE!$E$11:$E$40,OCTUBRE!$AM$11:$AM$40,_xlfn.XLOOKUP($A11&$B11,OCTUBRE!$BC$11:$BC$40&OCTUBRE!$BD$11:$BD$40,OCTUBRE!$CL$11:$CL$40,"A"))/1%,"")} | DV11: {=IFERROR(_xlfn.XLOOKUP($A11&$B11,'OCTUBRE 2'!$D$11:$D$40&'OCTUBRE 2'!$E$11:$E$40,'OCTUBRE 2'!$AM$11:$AM$40,_xlfn.XLOOKUP($A11&$B11,'OCTUBRE 2'!$BC$11:$BC$40&'OCTUBRE 2'!$BD$11:$BD$40,'OCTUBRE 2'!$CL$11:$CL$40,"A"))/1%,"")} | DW11: {=IFERROR(_xlfn.XLOOKUP($A11&$B11,NOVIEMBRE!$D$11:$D$40&NOVIEMBRE!$E$11:$E$40,NOVIEMBRE!$AM$11:$AM$40,_xlfn.XLOOKUP($A11&$B11,NOVIEMBRE!$BC$11:$BC$40&NOVIEMBRE!$BD$11:$BD$40,NOVIEMBRE!$CL$11:$CL$40,"A"))/1%,"")} | DX11: {=IFERROR(_xlfn.XLOOKUP($A11&$B11,'NOVIEMBRE 2'!$D$11:$D$40&'NOVIEMBRE 2'!$E$11:$E$40,'NOVIEMBRE 2'!$AM$11:$AM$40,_xlfn.XLOOKUP($A11&$B11,'NOVIEMBRE 2'!$BC$11:$BC$40&'NOVIEMBRE 2'!$BD$11:$BD$40,'NOVIEMBRE 2'!$CL$11:$CL$40,"A"))/1%,"")} | DY11: {=IFERROR(_xlfn.XLOOKUP($A11&$B11,DICIEMBRE!$D$11:$D$40&DICIEMBRE!$E$11:$E$40,DICIEMBRE!$AM$11:$AM$40,_xlfn.XLOOKUP($A11&$B11,DICIEMBRE!$BC$11:$BC$40&DICIEMBRE!$BD$11:$BD$40,DICIEMBRE!$CL$11:$CL$40,"A"))/1%,"")} | DZ11: =IFERROR(IF(COUNTIF(C11:N11,"-"),"A",ROUND(AVERAGE(C11:N11),0)),"-") -> - | EA11: =IFERROR(IF(COUNTIF(O11:Z11,"-"),"A",ROUND(AVERAGE(O11:Z11),0)),"-") -> - | EB11: =IFERROR(IF(COUNTIF(AA11:AL11,"-"),"A",ROUND(AVERAGE(AA11:AL11),0)),"-") -> - | EC11: =IFERROR(IF(COUNTIF(AM11:AX11,"-"),"A",ROUND(AVERAGE(AM11:AX11),0)),"-") -> - | ED11: =IFERROR(IF(COUNTIF(AY11:BJ11,"-"),"A",ROUND(AVERAGE(AY11:BJ11),0)),"-") -> - | EE11: =IFERROR(IF(COUNTIF(BK11:BV11,"-"),"A",ROUND(AVERAGE(BK11:BV11),0)),"-") -> - | EF11: =IFERROR(IF(COUNTIF(BW11:CH11,"-"),"A",ROUND(AVERAGE(BW11:CH11),0)),"-") -> - | EG11: =IFERROR(IF(COUNTIF(CI11:CT11,"-"),"A",ROUND(AVERAGE(CI11:CT11),0)),"-") -> - | EH11: =IFERROR(IF(COUNTIF(CU11:DF11,"-"),"A",ROUND(AVERAGE(CU11:DF11),0)),"-") -> - | EI11: =IFERROR(ROUND(AVERAGE(DZ11:EH11),0),"") | EN11: {=IFERROR(_xlfn.XLOOKUP($A11&$B11,MARZO!$D$11:$D$40&MARZO!$E$11:$E$40,MARZO!$AK$11:$AK$40,_xlfn.XLOOKUP($A11&$B11,MARZO!$BC$11:$BC$40&MARZO!$BD$11:$BD$40,MARZO!$CJ$11:$CJ$40,"A")),"")} -> 0 | EO11: {=IFERROR(_xlfn.XLOOKUP($A11&$B11,ABRIL!$D$11:$D$40&ABRIL!$E$11:$E$40,ABRIL!$AK$11:$AK$40,_xlfn.XLOOKUP($A11&$B11,ABRIL!$BC$11:$BC$40&ABRIL!$BD$11:$BD$40,ABRIL!$CJ$11:$CJ$40,"A")),"")} -> 0 | EP11: {=IFERROR(_xlfn.XLOOKUP($A11&$B11,'ABRIL 2'!$D$11:$D$40&'ABRIL 2'!$E$11:$E$40,'ABRIL 2'!$AK$11:$AK$40,_xlfn.XLOOKUP($A11&$B11,'ABRIL 2'!$BC$11:$BC$40&'ABRIL 2'!$BD$11:$BD$40,'ABRIL 2'!$CJ$11:$CJ$40,"A")),"")} -> 0 | EQ11: {=IFERROR(_xlfn.XLOOKUP($A11&$B11,MAYO!$D$11:$D$40&MAYO!$E$11:$E$40,MAYO!$AK$11:$AK$40,_xlfn.XLOOKUP($A11&$B11,MAYO!$BC$11:$BC$40&MAYO!$BD$11:$BD$40,MAYO!$CJ$11:$CJ$40,"A")),"")} -> 0 | ER11: {=IFERROR(_xlfn.XLOOKUP($A11&$B11,'MAYO 2'!$D$11:$D$40&'MAYO 2'!$E$11:$E$40,'MAYO 2'!$AK$11:$AK$40,_xlfn.XLOOKUP($A11&$B11,'MAYO 2'!$BC$11:$BC$40&'MAYO 2'!$BD$11:$BD$40,'MAYO 2'!$CJ$11:$CJ$40,"A")),"")} -> 0 | ES11: {=IFERROR(_xlfn.XLOOKUP($A11&$B11,JUNIO!$D$11:$D$40&JUNIO!$E$11:$E$40,JUNIO!$AK$11:$AK$40,_xlfn.XLOOKUP($A11&$B11,JUNIO!$BC$11:$BC$40&JUNIO!$BD$11:$BD$40,JUNIO!$CJ$11:$CJ$40,"A")),"")} -> 0 | ET11: {=IFERROR(_xlfn.XLOOKUP($A11&$B11,'JUNIO 2'!$D$11:$D$40&'JUNIO 2'!$E$11:$E$40,'JUNIO 2'!$AK$11:$AK$40,_xlfn.XLOOKUP($A11&$B11,'JUNIO 2'!$BC$11:$BC$40&'JUNIO 2'!$BD$11:$BD$40,'JUNIO 2'!$CJ$11:$CJ$40,"A")),"")} -> 0 | EU11: {=IFERROR(_xlfn.XLOOKUP($A11&$B11,JULIO!$D$11:$D$40&JULIO!$E$11:$E$40,JULIO!$AK$11:$AK$40,_xlfn.XLOOKUP($A11&$B11,JULIO!$BC$11:$BC$40&JULIO!$BD$11:$BD$40,JULIO!$CJ$11:$CJ$40,"A")),"")} -> 0 | EV11: {=IFERROR(_xlfn.XLOOKUP($A11&$B11,'JULIO 2'!$D$11:$D$40&'JULIO 2'!$E$11:$E$40,'JULIO 2'!$AK$11:$AK$40,_xlfn.XLOOKUP($A11&$B11,'JULIO 2'!$BC$11:$BC$40&'JULIO 2'!$BD$11:$BD$40,'JULIO 2'!$CJ$11:$CJ$40,"A")),"")} -> 0 | EW11: {=IFERROR(_xlfn.XLOOKUP($A11&$B11,AGOSTO!$D$11:$D$40&AGOSTO!$E$11:$E$40,AGOSTO!$AK$11:$AK$40,_xlfn.XLOOKUP($A11&$B11,AGOSTO!$BC$11:$BC$40&AGOSTO!$BD$11:$BD$40,AGOSTO!$CJ$11:$CJ$40,"A")),"")} -> 0 | EX11: {=IFERROR(_xlfn.XLOOKUP($A11&$B11,'AGOSTO 2'!$D$11:$D$40&'AGOSTO 2'!$E$11:$E$40,'AGOSTO 2'!$AK$11:$AK$40,_xlfn.XLOOKUP($A11&$B11,'AGOSTO 2'!$BC$11:$BC$40&'AGOSTO 2'!$BD$11:$BD$40,'AGOSTO 2'!$CJ$11:$CJ$40,"A")),"")} -> 0 | EY11: {=IFERROR(_xlfn.XLOOKUP($A11&$B11,SEPTIEMBRE!$D$11:$D$40&SEPTIEMBRE!$E$11:$E$40,SEPTIEMBRE!$AK$11:$AK$40,_xlfn.XLOOKUP($A11&$B11,SEPTIEMBRE!$BC$11:$BC$40&SEPTIEMBRE!$BD$11:$BD$40,SEPTIEMBRE!$CJ$11:$CJ$40,"A")),"")} -> 0 | EZ11: {=IFERROR(_xlfn.XLOOKUP($A11&$B11,'SEPTIEMBRE 2'!$D$11:$D$40&'SEPTIEMBRE 2'!$E$11:$E$40,'SEPTIEMBRE 2'!$AK$11:$AK$40,_xlfn.XLOOKUP($A11&$B11,'SEPTIEMBRE 2'!$BC$11:$BC$40&'SEPTIEMBRE 2'!$BD$11:$BD$40,'SEPTIEMBRE 2'!$CJ$11:$CJ$40,"A")),"")} -> 0 | FA11: {=IFERROR(_xlfn.XLOOKUP($A11&$B11,'SEPTIEMBRE 3'!$D$11:$D$40&'SEPTIEMBRE 3'!$E$11:$E$40,'SEPTIEMBRE 3'!$AK$11:$AK$40,_xlfn.XLOOKUP($A11&$B11,'SEPTIEMBRE 3'!$BC$11:$BC$40&'SEPTIEMBRE 3'!$BD$11:$BD$40,'SEPTIEMBRE 3'!$CJ$11:$CJ$40,"A")),"")} -> 0 | FB11: {=IFERROR(_xlfn.XLOOKUP($A11&$B11,OCTUBRE!$D$11:$D$40&OCTUBRE!$E$11:$E$40,OCTUBRE!$AK$11:$AK$40,_xlfn.XLOOKUP($A11&$B11,OCTUBRE!$BC$11:$BC$40&OCTUBRE!$BD$11:$BD$40,OCTUBRE!$CJ$11:$CJ$40,"A")),"")} -> 0 | FC11: {=IFERROR(_xlfn.XLOOKUP($A11&$B11,'OCTUBRE 2'!$D$11:$D$40&'OCTUBRE 2'!$E$11:$E$40,'OCTUBRE 2'!$AK$11:$AK$40,_xlfn.XLOOKUP($A11&$B11,'OCTUBRE 2'!$BC$11:$BC$40&'OCTUBRE 2'!$BD$11:$BD$40,'OCTUBRE 2'!$CJ$11:$CJ$40,"A")),"")} -> 0 | FD11: {=IFERROR(_xlfn.XLOOKUP($A11&$B11,NOVIEMBRE!$D$11:$D$40&NOVIEMBRE!$E$11:$E$40,NOVIEMBRE!$AK$11:$AK$40,_xlfn.XLOOKUP($A11&$B11,NOVIEMBRE!$BC$11:$BC$40&NOVIEMBRE!$BD$11:$BD$40,NOVIEMBRE!$CJ$11:$CJ$40,"A")),"")} -> 0 | FE11: {=IFERROR(_xlfn.XLOOKUP($A11&$B11,'NOVIEMBRE 2'!$D$11:$D$40&'NOVIEMBRE 2'!$E$11:$E$40,'NOVIEMBRE 2'!$AK$11:$AK$40,_xlfn.XLOOKUP($A11&$B11,'NOVIEMBRE 2'!$BC$11:$BC$40&'NOVIEMBRE 2'!$BD$11:$BD$40,'NOVIEMBRE 2'!$CJ$11:$CJ$40,"A")),"")} -> 0 | FF11: {=IFERROR(_xlfn.XLOOKUP($A11&$B11,DICIEMBRE!$D$11:$D$40&DICIEMBRE!$E$11:$E$40,DICIEMBRE!$AK$11:$AK$40,_xlfn.XLOOKUP($A11&$B11,DICIEMBRE!$BC$11:$BC$40&DICIEMBRE!$BD$11:$BD$40,DICIEMBRE!$CJ$11:$CJ$40,"A")),"")} -> 0 | FG11: =IF( AND(N11="", Z11="", AL11="", AX11="", BJ11="", BV11="", CH11="", CT11="",DF11=""), "", TEXTJOIN( " ", TRUE, IF(AND(N11<>"", N11>=40, COUNTA(C11:M11)=0), "⚠️Faltan notas del Módulo I", ""), IF(AND(Z11<>"", Z11>=40, COUNTA(O11:Y11)=0), "⚠️Faltan notas del Módulo II", ""), IF(AND(AL11<>"", AL11>=40, COUNTA(AA11:AK11)=0), "⚠️Faltan notas del Módulo III", ""), IF(AND(AX11<>"", AX11>=40, COUNTA(AM11:AW11)=0), "⚠️Faltan notas del Módulo IV", ""), IF(AND(BJ11<>"", BJ11>=40, COUNTA(AY11:BI11)=0), "⚠️Faltan notas del Módulo V", ""), IF(AND(BV11<>"", BV11>=40, COUNTA(BK11:BU11)=0), "⚠️Faltan notas del Módulo VI", ""), IF(AND(CH11<>"", CH11>=40, COUNTA(BW11:CG11)=0), "⚠️Faltan notas del Módulo VII", ""), IF(AND(CT11<>"", CT11>=40, COUNTA(CI11:CS11)=0), "⚠️Faltan notas del Módulo VIII", ""), IF(AND(DF11<>"", DF11>=40, COUNTA(CU11:DE11)=0), "⚠️Faltan notas del Módulo IX", "") ) ) | FH11: {=IF( COUNT(DZ11:EH11)=0, "-", IF( COUNT(DZ11:EH11) < COUNTA(DZ11:EH11), REPT("🟩", ROUND(COUNT(DZ11:EH11)/COUNTA(DZ11:EH11)*5, 0)) & REPT("⬜", 5 - ROUND(COUNT(DZ11:EH11)/COUNTA(DZ11:EH11)*5, 0)), IF( AVERAGE(IF(DZ11:EH11<>"", DZ11:EH11, )) >= 70, "🟩🟩🟩🟩🟩", IF( AVERAGE(IF(DZ11:EH11<>"",DZ11:EH11, )) >= 56, "🟨🟨🟨🟨🟨", "🟥🟥🟥🟥🟥" ) ) ) )} -> -
N12: =IFERROR(SUM(DT12:DU12)/SUM($DT$7:$DU$7)*100,"") | Z12: =IFERROR(SUM(EB12:EC12)/SUM($EB$7:$EC$7)*100,"") | AL12: =IFERROR(SUM(EK12:EL12)/SUM($EK$7:$EL$7)*100,"") | AX12: =IFERROR(SUM(EW12:EY12)/SUM($EW$7:$EY$7)*100,"") | BJ12: =IFERROR(SUM(EZ12)/SUM($EZ$7)*100,"") | BV12: =IFERROR(SUM(FA12:FB12)/SUM($FA$7:$FB$7)*100,"") | CH12: =IFERROR(SUM(FC12:FD12)/SUM($FC$7:$FD$7)*100,"") | CT12: =IFERROR(SUM(FE12:FF12)/SUM($FE$7:$FF$7)*100,"") | DG12: {=IFERROR(_xlfn.XLOOKUP($A12&B12,MARZO!$D$11:$D$40&MARZO!$E$11:$E$40,MARZO!$AM$11:$AM$40,_xlfn.XLOOKUP($A12&$B12,MARZO!$BC$11:$BC$40&MARZO!$BD$11:$BD$40,MARZO!$CL$11:$CL$40,"A"))/1%,"")} | DH12: {=IFERROR(_xlfn.XLOOKUP($A12&$B12,ABRIL!$D$11:$D$40&ABRIL!$E$11:$E$40,ABRIL!$AM$11:$AM$40,_xlfn.XLOOKUP($A12&$B12,ABRIL!$BC$11:$BC$40&ABRIL!$BD$11:$BD$40,ABRIL!$CL$11:$CL$40,"A"))/1%,"")} | DI12: {=IFERROR(_xlfn.XLOOKUP($A12&$B12,'ABRIL 2'!$D$11:$D$40&'ABRIL 2'!$E$11:$E$40,'ABRIL 2'!$AM$11:$AM$40,_xlfn.XLOOKUP($A12&$B12,'ABRIL 2'!$BC$11:$BC$40&'ABRIL 2'!$BD$11:$BD$40,'ABRIL 2'!$CL$11:$CL$40,"A"))/1%,"")} | DJ12: {=IFERROR(_xlfn.XLOOKUP($A12&$B12,MAYO!$D$11:$D$40&MAYO!$E$11:$E$40,MAYO!$AM$11:$AM$40,_xlfn.XLOOKUP($A12&$B12,MAYO!$BC$11:$BC$40&MAYO!$BD$11:$BD$40,MAYO!$CL$11:$CL$40,"A"))/1%,"")} | DK12: {=IFERROR(_xlfn.XLOOKUP($A12&$B12,'MAYO 2'!$D$11:$D$40&'MAYO 2'!$E$11:$E$40,'MAYO 2'!$AM$11:$AM$40,_xlfn.XLOOKUP($A12&$B12,'MAYO 2'!$BC$11:$BC$40&'MAYO 2'!$BD$11:$BD$40,'MAYO 2'!$CL$11:$CL$40,"A"))/1%,"")} | DL12: {=IFERROR(_xlfn.XLOOKUP($A12&$B12,JUNIO!$D$11:$D$40&JUNIO!$E$11:$E$40,JUNIO!$AM$11:$AM$40,_xlfn.XLOOKUP($A12&$B12,JUNIO!$BC$11:$BC$40&JUNIO!$BD$11:$BD$40,JUNIO!$CL$11:$CL$40,"A"))/1%,"")} | DM12: {=IFERROR(_xlfn.XLOOKUP($A12&$B12,'JUNIO 2'!$D$11:$D$40&'JUNIO 2'!$E$11:$E$40,'JUNIO 2'!$AM$11:$AM$40,_xlfn.XLOOKUP($A12&$B12,'JUNIO 2'!$BC$11:$BC$40&'JUNIO 2'!$BD$11:$BD$40,'JUNIO 2'!$CL$11:$CL$40,"A"))/1%,"")} | DN12: {=IFERROR(_xlfn.XLOOKUP($A12&$B12,JULIO!$D$11:$D$40&JULIO!$E$11:$E$40,JULIO!$AM$11:$AM$40,_xlfn.XLOOKUP($A12&$B12,JULIO!$BC$11:$BC$40&JULIO!$BD$11:$BD$40,JULIO!$CL$11:$CL$40,"A"))/1%,"")} | DO12: {=IFERROR(_xlfn.XLOOKUP($A12&$B12,'JULIO 2'!$D$11:$D$40&'JULIO 2'!$E$11:$E$40,'JULIO 2'!$AM$11:$AM$40,_xlfn.XLOOKUP($A12&$B12,'JULIO 2'!$BC$11:$BC$40&'JULIO 2'!$BD$11:$BD$40,'JULIO 2'!$CL$11:$CL$40,"A"))/1%,"")} | DP12: {=IFERROR(_xlfn.XLOOKUP($A12&$B12,AGOSTO!$D$11:$D$40&AGOSTO!$E$11:$E$40,AGOSTO!$AM$11:$AM$40,_xlfn.XLOOKUP($A12&$B12,AGOSTO!$BC$11:$BC$40&AGOSTO!$BD$11:$BD$40,AGOSTO!$CL$11:$CL$40,"A"))/1%,"")} | DQ12: {=IFERROR(_xlfn.XLOOKUP($A12&$B12,'AGOSTO 2'!$D$11:$D$40&'AGOSTO 2'!$E$11:$E$40,'AGOSTO 2'!$AM$11:$AM$40,_xlfn.XLOOKUP($A12&$B12,'AGOSTO 2'!$BC$11:$BC$40&'AGOSTO 2'!$BD$11:$BD$40,'AGOSTO 2'!$CL$11:$CL$40,"A"))/1%,"")} | DR12: {=IFERROR(_xlfn.XLOOKUP($A12&$B12,SEPTIEMBRE!$D$11:$D$40&SEPTIEMBRE!$E$11:$E$40,SEPTIEMBRE!$AM$11:$AM$40,_xlfn.XLOOKUP($A12&$B12,SEPTIEMBRE!$BC$11:$BC$40&SEPTIEMBRE!$BD$11:$BD$40,SEPTIEMBRE!$CL$11:$CL$40,"A"))/1%,"")} | DS12: {=IFERROR(_xlfn.XLOOKUP($A12&$B12,'SEPTIEMBRE 2'!$D$11:$D$40&'SEPTIEMBRE 2'!$E$11:$E$40,'SEPTIEMBRE 2'!$AM$11:$AM$40,_xlfn.XLOOKUP($A12&$B12,'SEPTIEMBRE 2'!$BC$11:$BC$40&'SEPTIEMBRE 2'!$BD$11:$BD$40,'SEPTIEMBRE 2'!$CL$11:$CL$40,"A"))/1%,"")} | DT12: {=IFERROR(_xlfn.XLOOKUP($A12&$B12,'SEPTIEMBRE 3'!$D$11:$D$40&'SEPTIEMBRE 3'!$E$11:$E$40,'SEPTIEMBRE 3'!$AM$11:$AM$40,_xlfn.XLOOKUP($A12&$B12,'SEPTIEMBRE 3'!$BC$11:$BC$40&'SEPTIEMBRE 3'!$BD$11:$BD$40,'SEPTIEMBRE 3'!$CL$11:$CL$40,"A"))/1%,"")} | DU12: {=IFERROR(_xlfn.XLOOKUP($A12&$B12,OCTUBRE!$D$11:$D$40&OCTUBRE!$E$11:$E$40,OCTUBRE!$AM$11:$AM$40,_xlfn.XLOOKUP($A12&$B12,OCTUBRE!$BC$11:$BC$40&OCTUBRE!$BD$11:$BD$40,OCTUBRE!$CL$11:$CL$40,"A"))/1%,"")} | DV12: {=IFERROR(_xlfn.XLOOKUP($A12&$B12,'OCTUBRE 2'!$D$11:$D$40&'OCTUBRE 2'!$E$11:$E$40,'OCTUBRE 2'!$AM$11:$AM$40,_xlfn.XLOOKUP($A12&$B12,'OCTUBRE 2'!$BC$11:$BC$40&'OCTUBRE 2'!$BD$11:$BD$40,'OCTUBRE 2'!$CL$11:$CL$40,"A"))/1%,"")} | DW12: {=IFERROR(_xlfn.XLOOKUP($A12&$B12,NOVIEMBRE!$D$11:$D$40&NOVIEMBRE!$E$11:$E$40,NOVIEMBRE!$AM$11:$AM$40,_xlfn.XLOOKUP($A12&$B12,NOVIEMBRE!$BC$11:$BC$40&NOVIEMBRE!$BD$11:$BD$40,NOVIEMBRE!$CL$11:$CL$40,"A"))/1%,"")} | DX12: {=IFERROR(_xlfn.XLOOKUP($A12&$B12,'NOVIEMBRE 2'!$D$11:$D$40&'NOVIEMBRE 2'!$E$11:$E$40,'NOVIEMBRE 2'!$AM$11:$AM$40,_xlfn.XLOOKUP($A12&$B12,'NOVIEMBRE 2'!$BC$11:$BC$40&'NOVIEMBRE 2'!$BD$11:$BD$40,'NOVIEMBRE 2'!$CL$11:$CL$40,"A"))/1%,"")} | DY12: {=IFERROR(_xlfn.XLOOKUP($A12&$B12,DICIEMBRE!$D$11:$D$40&DICIEMBRE!$E$11:$E$40,DICIEMBRE!$AM$11:$AM$40,_xlfn.XLOOKUP($A12&$B12,DICIEMBRE!$BC$11:$BC$40&DICIEMBRE!$BD$11:$BD$40,DICIEMBRE!$CL$11:$CL$40,"A"))/1%,"")} | DZ12: =IFERROR(IF(COUNTIF(C12:N12,"-"),"A",ROUND(AVERAGE(C12:N12),0)),"-") -> - | EA12: =IFERROR(IF(COUNTIF(O12:Z12,"-"),"A",ROUND(AVERAGE(O12:Z12),0)),"-") -> - | EB12: =IFERROR(IF(COUNTIF(AA12:AL12,"-"),"A",ROUND(AVERAGE(AA12:AL12),0)),"-") -> - | EC12: =IFERROR(IF(COUNTIF(AM12:AX12,"-"),"A",ROUND(AVERAGE(AM12:AX12),0)),"-") -> - | ED12: =IFERROR(IF(COUNTIF(AY12:BJ12,"-"),"A",ROUND(AVERAGE(AY12:BJ12),0)),"-") -> - | EE12: =IFERROR(IF(COUNTIF(BK12:BV12,"-"),"A",ROUND(AVERAGE(BK12:BV12),0)),"-") -> - | EF12: =IFERROR(IF(COUNTIF(BW12:CH12,"-"),"A",ROUND(AVERAGE(BW12:CH12),0)),"-") -> - | EG12: =IFERROR(IF(COUNTIF(CI12:CT12,"-"),"A",ROUND(AVERAGE(CI12:CT12),0)),"-") -> - | EH12: =IFERROR(IF(COUNTIF(CU12:DF12,"-"),"A",ROUND(AVERAGE(CU12:DF12),0)),"-") -> - | EI12: =IFERROR(ROUND(AVERAGE(DZ12:EH12),0),"") | EN12: {=IFERROR(_xlfn.XLOOKUP($A12&$B12,MARZO!$D$11:$D$40&MARZO!$E$11:$E$40,MARZO!$AK$11:$AK$40,_xlfn.XLOOKUP($A12&$B12,MARZO!$BC$11:$BC$40&MARZO!$BD$11:$BD$40,MARZO!$CJ$11:$CJ$40,"A")),"")} -> 0 | EO12: {=IFERROR(_xlfn.XLOOKUP($A12&$B12,ABRIL!$D$11:$D$40&ABRIL!$E$11:$E$40,ABRIL!$AK$11:$AK$40,_xlfn.XLOOKUP($A12&$B12,ABRIL!$BC$11:$BC$40&ABRIL!$BD$11:$BD$40,ABRIL!$CJ$11:$CJ$40,"A")),"")} -> 0 | EP12: {=IFERROR(_xlfn.XLOOKUP($A12&$B12,'ABRIL 2'!$D$11:$D$40&'ABRIL 2'!$E$11:$E$40,'ABRIL 2'!$AK$11:$AK$40,_xlfn.XLOOKUP($A12&$B12,'ABRIL 2'!$BC$11:$BC$40&'ABRIL 2'!$BD$11:$BD$40,'ABRIL 2'!$CJ$11:$CJ$40,"A")),"")} -> 0 | EQ12: {=IFERROR(_xlfn.XLOOKUP($A12&$B12,MAYO!$D$11:$D$40&MAYO!$E$11:$E$40,MAYO!$AK$11:$AK$40,_xlfn.XLOOKUP($A12&$B12,MAYO!$BC$11:$BC$40&MAYO!$BD$11:$BD$40,MAYO!$CJ$11:$CJ$40,"A")),"")} -> 0 | ER12: {=IFERROR(_xlfn.XLOOKUP($A12&$B12,'MAYO 2'!$D$11:$D$40&'MAYO 2'!$E$11:$E$40,'MAYO 2'!$AK$11:$AK$40,_xlfn.XLOOKUP($A12&$B12,'MAYO 2'!$BC$11:$BC$40&'MAYO 2'!$BD$11:$BD$40,'MAYO 2'!$CJ$11:$CJ$40,"A")),"")} -> 0 | ES12: {=IFERROR(_xlfn.XLOOKUP($A12&$B12,JUNIO!$D$11:$D$40&JUNIO!$E$11:$E$40,JUNIO!$AK$11:$AK$40,_xlfn.XLOOKUP($A12&$B12,JUNIO!$BC$11:$BC$40&JUNIO!$BD$11:$BD$40,JUNIO!$CJ$11:$CJ$40,"A")),"")} -> 0 | ET12: {=IFERROR(_xlfn.XLOOKUP($A12&$B12,'JUNIO 2'!$D$11:$D$40&'JUNIO 2'!$E$11:$E$40,'JUNIO 2'!$AK$11:$AK$40,_xlfn.XLOOKUP($A12&$B12,'JUNIO 2'!$BC$11:$BC$40&'JUNIO 2'!$BD$11:$BD$40,'JUNIO 2'!$CJ$11:$CJ$40,"A")),"")} -> 0 | EU12: {=IFERROR(_xlfn.XLOOKUP($A12&$B12,JULIO!$D$11:$D$40&JULIO!$E$11:$E$40,JULIO!$AK$11:$AK$40,_xlfn.XLOOKUP($A12&$B12,JULIO!$BC$11:$BC$40&JULIO!$BD$11:$BD$40,JULIO!$CJ$11:$CJ$40,"A")),"")} -> 0 | EV12: {=IFERROR(_xlfn.XLOOKUP($A12&$B12,'JULIO 2'!$D$11:$D$40&'JULIO 2'!$E$11:$E$40,'JULIO 2'!$AK$11:$AK$40,_xlfn.XLOOKUP($A12&$B12,'JULIO 2'!$BC$11:$BC$40&'JULIO 2'!$BD$11:$BD$40,'JULIO 2'!$CJ$11:$CJ$40,"A")),"")} -> 0 | EW12: {=IFERROR(_xlfn.XLOOKUP($A12&$B12,AGOSTO!$D$11:$D$40&AGOSTO!$E$11:$E$40,AGOSTO!$AK$11:$AK$40,_xlfn.XLOOKUP($A12&$B12,AGOSTO!$BC$11:$BC$40&AGOSTO!$BD$11:$BD$40,AGOSTO!$CJ$11:$CJ$40,"A")),"")} -> 0 | EX12: {=IFERROR(_xlfn.XLOOKUP($A12&$B12,'AGOSTO 2'!$D$11:$D$40&'AGOSTO 2'!$E$11:$E$40,'AGOSTO 2'!$AK$11:$AK$40,_xlfn.XLOOKUP($A12&$B12,'AGOSTO 2'!$BC$11:$BC$40&'AGOSTO 2'!$BD$11:$BD$40,'AGOSTO 2'!$CJ$11:$CJ$40,"A")),"")} -> 0 | EY12: {=IFERROR(_xlfn.XLOOKUP($A12&$B12,SEPTIEMBRE!$D$11:$D$40&SEPTIEMBRE!$E$11:$E$40,SEPTIEMBRE!$AK$11:$AK$40,_xlfn.XLOOKUP($A12&$B12,SEPTIEMBRE!$BC$11:$BC$40&SEPTIEMBRE!$BD$11:$BD$40,SEPTIEMBRE!$CJ$11:$CJ$40,"A")),"")} -> 0 | EZ12: {=IFERROR(_xlfn.XLOOKUP($A12&$B12,'SEPTIEMBRE 2'!$D$11:$D$40&'SEPTIEMBRE 2'!$E$11:$E$40,'SEPTIEMBRE 2'!$AK$11:$AK$40,_xlfn.XLOOKUP($A12&$B12,'SEPTIEMBRE 2'!$BC$11:$BC$40&'SEPTIEMBRE 2'!$BD$11:$BD$40,'SEPTIEMBRE 2'!$CJ$11:$CJ$40,"A")),"")} -> 0 | FA12: {=IFERROR(_xlfn.XLOOKUP($A12&$B12,'SEPTIEMBRE 3'!$D$11:$D$40&'SEPTIEMBRE 3'!$E$11:$E$40,'SEPTIEMBRE 3'!$AK$11:$AK$40,_xlfn.XLOOKUP($A12&$B12,'SEPTIEMBRE 3'!$BC$11:$BC$40&'SEPTIEMBRE 3'!$BD$11:$BD$40,'SEPTIEMBRE 3'!$CJ$11:$CJ$40,"A")),"")} -> 0 | FB12: {=IFERROR(_xlfn.XLOOKUP($A12&$B12,OCTUBRE!$D$11:$D$40&OCTUBRE!$E$11:$E$40,OCTUBRE!$AK$11:$AK$40,_xlfn.XLOOKUP($A12&$B12,OCTUBRE!$BC$11:$BC$40&OCTUBRE!$BD$11:$BD$40,OCTUBRE!$CJ$11:$CJ$40,"A")),"")} -> 0 | FC12: {=IFERROR(_xlfn.XLOOKUP($A12&$B12,'OCTUBRE 2'!$D$11:$D$40&'OCTUBRE 2'!$E$11:$E$40,'OCTUBRE 2'!$AK$11:$AK$40,_xlfn.XLOOKUP($A12&$B12,'OCTUBRE 2'!$BC$11:$BC$40&'OCTUBRE 2'!$BD$11:$BD$40,'OCTUBRE 2'!$CJ$11:$CJ$40,"A")),"")} -> 0 | FD12: {=IFERROR(_xlfn.XLOOKUP($A12&$B12,NOVIEMBRE!$D$11:$D$40&NOVIEMBRE!$E$11:$E$40,NOVIEMBRE!$AK$11:$AK$40,_xlfn.XLOOKUP($A12&$B12,NOVIEMBRE!$BC$11:$BC$40&NOVIEMBRE!$BD$11:$BD$40,NOVIEMBRE!$CJ$11:$CJ$40,"A")),"")} -> 0 | FE12: {=IFERROR(_xlfn.XLOOKUP($A12&$B12,'NOVIEMBRE 2'!$D$11:$D$40&'NOVIEMBRE 2'!$E$11:$E$40,'NOVIEMBRE 2'!$AK$11:$AK$40,_xlfn.XLOOKUP($A12&$B12,'NOVIEMBRE 2'!$BC$11:$BC$40&'NOVIEMBRE 2'!$BD$11:$BD$40,'NOVIEMBRE 2'!$CJ$11:$CJ$40,"A")),"")} -> 0 | FF12: {=IFERROR(_xlfn.XLOOKUP($A12&$B12,DICIEMBRE!$D$11:$D$40&DICIEMBRE!$E$11:$E$40,DICIEMBRE!$AK$11:$AK$40,_xlfn.XLOOKUP($A12&$B12,DICIEMBRE!$BC$11:$BC$40&DICIEMBRE!$BD$11:$BD$40,DICIEMBRE!$CJ$11:$CJ$40,"A")),"")} -> 0 | FG12: =IF( AND(N12="", Z12="", AL12="", AX12="", BJ12="", BV12="", CH12="", CT12="",DF12=""), "", TEXTJOIN( " ", TRUE, IF(AND(N12<>"", N12>=40, COUNTA(C12:M12)=0), "⚠️Faltan notas del Módulo I", ""), IF(AND(Z12<>"", Z12>=40, COUNTA(O12:Y12)=0), "⚠️Faltan notas del Módulo II", ""), IF(AND(AL12<>"", AL12>=40, COUNTA(AA12:AK12)=0), "⚠️Faltan notas del Módulo III", ""), IF(AND(AX12<>"", AX12>=40, COUNTA(AM12:AW12)=0), "⚠️Faltan notas del Módulo IV", ""), IF(AND(BJ12<>"", BJ12>=40, COUNTA(AY12:BI12)=0), "⚠️Faltan notas del Módulo V", ""), IF(AND(BV12<>"", BV12>=40, COUNTA(BK12:BU12)=0), "⚠️Faltan notas del Módulo VI", ""), IF(AND(CH12<>"", CH12>=40, COUNTA(BW12:CG12)=0), "⚠️Faltan notas del Módulo VII", ""), IF(AND(CT12<>"", CT12>=40, COUNTA(CI12:CS12)=0), "⚠️Faltan notas del Módulo VIII", ""), IF(AND(DF12<>"", DF12>=40, COUNTA(CU12:DE12)=0), "⚠️Faltan notas del Módulo IX", "") ) ) | FH12: {=IF( COUNT(DZ12:EH12)=0, "-", IF( COUNT(DZ12:EH12) < COUNTA(DZ12:EH12), REPT("🟩", ROUND(COUNT(DZ12:EH12)/COUNTA(DZ12:EH12)*5, 0)) & REPT("⬜", 5 - ROUND(COUNT(DZ12:EH12)/COUNTA(DZ12:EH12)*5, 0)), IF( AVERAGE(IF(DZ12:EH12<>"", DZ12:EH12, )) >= 70, "🟩🟩🟩🟩🟩", IF( AVERAGE(IF(DZ12:EH12<>"",DZ12:EH12, )) >= 56, "🟨🟨🟨🟨🟨", "🟥🟥🟥🟥🟥" ) ) ) )} -> -
N13: =IFERROR(SUM(DT13:DU13)/SUM($DT$7:$DU$7)*100,"") | Z13: =IFERROR(SUM(EB13:EC13)/SUM($EB$7:$EC$7)*100,"") | AL13: =IFERROR(SUM(EK13:EL13)/SUM($EK$7:$EL$7)*100,"") | AX13: =IFERROR(SUM(EW13:EY13)/SUM($EW$7:$EY$7)*100,"") | BJ13: =IFERROR(SUM(EZ13)/SUM($EZ$7)*100,"") | BV13: =IFERROR(SUM(FA13:FB13)/SUM($FA$7:$FB$7)*100,"") | CH13: =IFERROR(SUM(FC13:FD13)/SUM($FC$7:$FD$7)*100,"") | CT13: =IFERROR(SUM(FE13:FF13)/SUM($FE$7:$FF$7)*100,"") | DG13: {=IFERROR(_xlfn.XLOOKUP($A13&B13,MARZO!$D$11:$D$40&MARZO!$E$11:$E$40,MARZO!$AM$11:$AM$40,_xlfn.XLOOKUP($A13&$B13,MARZO!$BC$11:$BC$40&MARZO!$BD$11:$BD$40,MARZO!$CL$11:$CL$40,"A"))/1%,"")} | DH13: {=IFERROR(_xlfn.XLOOKUP($A13&$B13,ABRIL!$D$11:$D$40&ABRIL!$E$11:$E$40,ABRIL!$AM$11:$AM$40,_xlfn.XLOOKUP($A13&$B13,ABRIL!$BC$11:$BC$40&ABRIL!$BD$11:$BD$40,ABRIL!$CL$11:$CL$40,"A"))/1%,"")} | DI13: {=IFERROR(_xlfn.XLOOKUP($A13&$B13,'ABRIL 2'!$D$11:$D$40&'ABRIL 2'!$E$11:$E$40,'ABRIL 2'!$AM$11:$AM$40,_xlfn.XLOOKUP($A13&$B13,'ABRIL 2'!$BC$11:$BC$40&'ABRIL 2'!$BD$11:$BD$40,'ABRIL 2'!$CL$11:$CL$40,"A"))/1%,"")} | DJ13: {=IFERROR(_xlfn.XLOOKUP($A13&$B13,MAYO!$D$11:$D$40&MAYO!$E$11:$E$40,MAYO!$AM$11:$AM$40,_xlfn.XLOOKUP($A13&$B13,MAYO!$BC$11:$BC$40&MAYO!$BD$11:$BD$40,MAYO!$CL$11:$CL$40,"A"))/1%,"")} | DK13: {=IFERROR(_xlfn.XLOOKUP($A13&$B13,'MAYO 2'!$D$11:$D$40&'MAYO 2'!$E$11:$E$40,'MAYO 2'!$AM$11:$AM$40,_xlfn.XLOOKUP($A13&$B13,'MAYO 2'!$BC$11:$BC$40&'MAYO 2'!$BD$11:$BD$40,'MAYO 2'!$CL$11:$CL$40,"A"))/1%,"")} | DL13: {=IFERROR(_xlfn.XLOOKUP($A13&$B13,JUNIO!$D$11:$D$40&JUNIO!$E$11:$E$40,JUNIO!$AM$11:$AM$40,_xlfn.XLOOKUP($A13&$B13,JUNIO!$BC$11:$BC$40&JUNIO!$BD$11:$BD$40,JUNIO!$CL$11:$CL$40,"A"))/1%,"")} | DM13: {=IFERROR(_xlfn.XLOOKUP($A13&$B13,'JUNIO 2'!$D$11:$D$40&'JUNIO 2'!$E$11:$E$40,'JUNIO 2'!$AM$11:$AM$40,_xlfn.XLOOKUP($A13&$B13,'JUNIO 2'!$BC$11:$BC$40&'JUNIO 2'!$BD$11:$BD$40,'JUNIO 2'!$CL$11:$CL$40,"A"))/1%,"")} | DN13: {=IFERROR(_xlfn.XLOOKUP($A13&$B13,JULIO!$D$11:$D$40&JULIO!$E$11:$E$40,JULIO!$AM$11:$AM$40,_xlfn.XLOOKUP($A13&$B13,JULIO!$BC$11:$BC$40&JULIO!$BD$11:$BD$40,JULIO!$CL$11:$CL$40,"A"))/1%,"")} | DO13: {=IFERROR(_xlfn.XLOOKUP($A13&$B13,'JULIO 2'!$D$11:$D$40&'JULIO 2'!$E$11:$E$40,'JULIO 2'!$AM$11:$AM$40,_xlfn.XLOOKUP($A13&$B13,'JULIO 2'!$BC$11:$BC$40&'JULIO 2'!$BD$11:$BD$40,'JULIO 2'!$CL$11:$CL$40,"A"))/1%,"")} | DP13: {=IFERROR(_xlfn.XLOOKUP($A13&$B13,AGOSTO!$D$11:$D$40&AGOSTO!$E$11:$E$40,AGOSTO!$AM$11:$AM$40,_xlfn.XLOOKUP($A13&$B13,AGOSTO!$BC$11:$BC$40&AGOSTO!$BD$11:$BD$40,AGOSTO!$CL$11:$CL$40,"A"))/1%,"")} | DQ13: {=IFERROR(_xlfn.XLOOKUP($A13&$B13,'AGOSTO 2'!$D$11:$D$40&'AGOSTO 2'!$E$11:$E$40,'AGOSTO 2'!$AM$11:$AM$40,_xlfn.XLOOKUP($A13&$B13,'AGOSTO 2'!$BC$11:$BC$40&'AGOSTO 2'!$BD$11:$BD$40,'AGOSTO 2'!$CL$11:$CL$40,"A"))/1%,"")} | DR13: {=IFERROR(_xlfn.XLOOKUP($A13&$B13,SEPTIEMBRE!$D$11:$D$40&SEPTIEMBRE!$E$11:$E$40,SEPTIEMBRE!$AM$11:$AM$40,_xlfn.XLOOKUP($A13&$B13,SEPTIEMBRE!$BC$11:$BC$40&SEPTIEMBRE!$BD$11:$BD$40,SEPTIEMBRE!$CL$11:$CL$40,"A"))/1%,"")} | DS13: {=IFERROR(_xlfn.XLOOKUP($A13&$B13,'SEPTIEMBRE 2'!$D$11:$D$40&'SEPTIEMBRE 2'!$E$11:$E$40,'SEPTIEMBRE 2'!$AM$11:$AM$40,_xlfn.XLOOKUP($A13&$B13,'SEPTIEMBRE 2'!$BC$11:$BC$40&'SEPTIEMBRE 2'!$BD$11:$BD$40,'SEPTIEMBRE 2'!$CL$11:$CL$40,"A"))/1%,"")} | DT13: {=IFERROR(_xlfn.XLOOKUP($A13&$B13,'SEPTIEMBRE 3'!$D$11:$D$40&'SEPTIEMBRE 3'!$E$11:$E$40,'SEPTIEMBRE 3'!$AM$11:$AM$40,_xlfn.XLOOKUP($A13&$B13,'SEPTIEMBRE 3'!$BC$11:$BC$40&'SEPTIEMBRE 3'!$BD$11:$BD$40,'SEPTIEMBRE 3'!$CL$11:$CL$40,"A"))/1%,"")} | DU13: {=IFERROR(_xlfn.XLOOKUP($A13&$B13,OCTUBRE!$D$11:$D$40&OCTUBRE!$E$11:$E$40,OCTUBRE!$AM$11:$AM$40,_xlfn.XLOOKUP($A13&$B13,OCTUBRE!$BC$11:$BC$40&OCTUBRE!$BD$11:$BD$40,OCTUBRE!$CL$11:$CL$40,"A"))/1%,"")} | DV13: {=IFERROR(_xlfn.XLOOKUP($A13&$B13,'OCTUBRE 2'!$D$11:$D$40&'OCTUBRE 2'!$E$11:$E$40,'OCTUBRE 2'!$AM$11:$AM$40,_xlfn.XLOOKUP($A13&$B13,'OCTUBRE 2'!$BC$11:$BC$40&'OCTUBRE 2'!$BD$11:$BD$40,'OCTUBRE 2'!$CL$11:$CL$40,"A"))/1%,"")} | DW13: {=IFERROR(_xlfn.XLOOKUP($A13&$B13,NOVIEMBRE!$D$11:$D$40&NOVIEMBRE!$E$11:$E$40,NOVIEMBRE!$AM$11:$AM$40,_xlfn.XLOOKUP($A13&$B13,NOVIEMBRE!$BC$11:$BC$40&NOVIEMBRE!$BD$11:$BD$40,NOVIEMBRE!$CL$11:$CL$40,"A"))/1%,"")} | DX13: {=IFERROR(_xlfn.XLOOKUP($A13&$B13,'NOVIEMBRE 2'!$D$11:$D$40&'NOVIEMBRE 2'!$E$11:$E$40,'NOVIEMBRE 2'!$AM$11:$AM$40,_xlfn.XLOOKUP($A13&$B13,'NOVIEMBRE 2'!$BC$11:$BC$40&'NOVIEMBRE 2'!$BD$11:$BD$40,'NOVIEMBRE 2'!$CL$11:$CL$40,"A"))/1%,"")} | DY13: {=IFERROR(_xlfn.XLOOKUP($A13&$B13,DICIEMBRE!$D$11:$D$40&DICIEMBRE!$E$11:$E$40,DICIEMBRE!$AM$11:$AM$40,_xlfn.XLOOKUP($A13&$B13,DICIEMBRE!$BC$11:$BC$40&DICIEMBRE!$BD$11:$BD$40,DICIEMBRE!$CL$11:$CL$40,"A"))/1%,"")} | DZ13: =IFERROR(IF(COUNTIF(C13:N13,"-"),"A",ROUND(AVERAGE(C13:N13),0)),"-") -> - | EA13: =IFERROR(IF(COUNTIF(O13:Z13,"-"),"A",ROUND(AVERAGE(O13:Z13),0)),"-") -> - | EB13: =IFERROR(IF(COUNTIF(AA13:AL13,"-"),"A",ROUND(AVERAGE(AA13:AL13),0)),"-") -> - | EC13: =IFERROR(IF(COUNTIF(AM13:AX13,"-"),"A",ROUND(AVERAGE(AM13:AX13),0)),"-") -> - | ED13: =IFERROR(IF(COUNTIF(AY13:BJ13,"-"),"A",ROUND(AVERAGE(AY13:BJ13),0)),"-") -> - | EE13: =IFERROR(IF(COUNTIF(BK13:BV13,"-"),"A",ROUND(AVERAGE(BK13:BV13),0)),"-") -> - | EF13: =IFERROR(IF(COUNTIF(BW13:CH13,"-"),"A",ROUND(AVERAGE(BW13:CH13),0)),"-") -> - | EG13: =IFERROR(IF(COUNTIF(CI13:CT13,"-"),"A",ROUND(AVERAGE(CI13:CT13),0)),"-") -> - | EH13: =IFERROR(IF(COUNTIF(CU13:DF13,"-"),"A",ROUND(AVERAGE(CU13:DF13),0)),"-") -> - | EI13: =IFERROR(ROUND(AVERAGE(DZ13:EH13),0),"") | EN13: {=IFERROR(_xlfn.XLOOKUP($A13&$B13,MARZO!$D$11:$D$40&MARZO!$E$11:$E$40,MARZO!$AK$11:$AK$40,_xlfn.XLOOKUP($A13&$B13,MARZO!$BC$11:$BC$40&MARZO!$BD$11:$BD$40,MARZO!$CJ$11:$CJ$40,"A")),"")} -> 0 | EO13: {=IFERROR(_xlfn.XLOOKUP($A13&$B13,ABRIL!$D$11:$D$40&ABRIL!$E$11:$E$40,ABRIL!$AK$11:$AK$40,_xlfn.XLOOKUP($A13&$B13,ABRIL!$BC$11:$BC$40&ABRIL!$BD$11:$BD$40,ABRIL!$CJ$11:$CJ$40,"A")),"")} -> 0 | EP13: {=IFERROR(_xlfn.XLOOKUP($A13&$B13,'ABRIL 2'!$D$11:$D$40&'ABRIL 2'!$E$11:$E$40,'ABRIL 2'!$AK$11:$AK$40,_xlfn.XLOOKUP($A13&$B13,'ABRIL 2'!$BC$11:$BC$40&'ABRIL 2'!$BD$11:$BD$40,'ABRIL 2'!$CJ$11:$CJ$40,"A")),"")} -> 0 | EQ13: {=IFERROR(_xlfn.XLOOKUP($A13&$B13,MAYO!$D$11:$D$40&MAYO!$E$11:$E$40,MAYO!$AK$11:$AK$40,_xlfn.XLOOKUP($A13&$B13,MAYO!$BC$11:$BC$40&MAYO!$BD$11:$BD$40,MAYO!$CJ$11:$CJ$40,"A")),"")} -> 0 | ER13: {=IFERROR(_xlfn.XLOOKUP($A13&$B13,'MAYO 2'!$D$11:$D$40&'MAYO 2'!$E$11:$E$40,'MAYO 2'!$AK$11:$AK$40,_xlfn.XLOOKUP($A13&$B13,'MAYO 2'!$BC$11:$BC$40&'MAYO 2'!$BD$11:$BD$40,'MAYO 2'!$CJ$11:$CJ$40,"A")),"")} -> 0 | ES13: {=IFERROR(_xlfn.XLOOKUP($A13&$B13,JUNIO!$D$11:$D$40&JUNIO!$E$11:$E$40,JUNIO!$AK$11:$AK$40,_xlfn.XLOOKUP($A13&$B13,JUNIO!$BC$11:$BC$40&JUNIO!$BD$11:$BD$40,JUNIO!$CJ$11:$CJ$40,"A")),"")} -> 0 | ET13: {=IFERROR(_xlfn.XLOOKUP($A13&$B13,'JUNIO 2'!$D$11:$D$40&'JUNIO 2'!$E$11:$E$40,'JUNIO 2'!$AK$11:$AK$40,_xlfn.XLOOKUP($A13&$B13,'JUNIO 2'!$BC$11:$BC$40&'JUNIO 2'!$BD$11:$BD$40,'JUNIO 2'!$CJ$11:$CJ$40,"A")),"")} -> 0 | EU13: {=IFERROR(_xlfn.XLOOKUP($A13&$B13,JULIO!$D$11:$D$40&JULIO!$E$11:$E$40,JULIO!$AK$11:$AK$40,_xlfn.XLOOKUP($A13&$B13,JULIO!$BC$11:$BC$40&JULIO!$BD$11:$BD$40,JULIO!$CJ$11:$CJ$40,"A")),"")} -> 0 | EV13: {=IFERROR(_xlfn.XLOOKUP($A13&$B13,'JULIO 2'!$D$11:$D$40&'JULIO 2'!$E$11:$E$40,'JULIO 2'!$AK$11:$AK$40,_xlfn.XLOOKUP($A13&$B13,'JULIO 2'!$BC$11:$BC$40&'JULIO 2'!$BD$11:$BD$40,'JULIO 2'!$CJ$11:$CJ$40,"A")),"")} -> 0 | EW13: {=IFERROR(_xlfn.XLOOKUP($A13&$B13,AGOSTO!$D$11:$D$40&AGOSTO!$E$11:$E$40,AGOSTO!$AK$11:$AK$40,_xlfn.XLOOKUP($A13&$B13,AGOSTO!$BC$11:$BC$40&AGOSTO!$BD$11:$BD$40,AGOSTO!$CJ$11:$CJ$40,"A")),"")} -> 0 | EX13: {=IFERROR(_xlfn.XLOOKUP($A13&$B13,'AGOSTO 2'!$D$11:$D$40&'AGOSTO 2'!$E$11:$E$40,'AGOSTO 2'!$AK$11:$AK$40,_xlfn.XLOOKUP($A13&$B13,'AGOSTO 2'!$BC$11:$BC$40&'AGOSTO 2'!$BD$11:$BD$40,'AGOSTO 2'!$CJ$11:$CJ$40,"A")),"")} -> 0 | EY13: {=IFERROR(_xlfn.XLOOKUP($A13&$B13,SEPTIEMBRE!$D$11:$D$40&SEPTIEMBRE!$E$11:$E$40,SEPTIEMBRE!$AK$11:$AK$40,_xlfn.XLOOKUP($A13&$B13,SEPTIEMBRE!$BC$11:$BC$40&SEPTIEMBRE!$BD$11:$BD$40,SEPTIEMBRE!$CJ$11:$CJ$40,"A")),"")} -> 0 | EZ13: {=IFERROR(_xlfn.XLOOKUP($A13&$B13,'SEPTIEMBRE 2'!$D$11:$D$40&'SEPTIEMBRE 2'!$E$11:$E$40,'SEPTIEMBRE 2'!$AK$11:$AK$40,_xlfn.XLOOKUP($A13&$B13,'SEPTIEMBRE 2'!$BC$11:$BC$40&'SEPTIEMBRE 2'!$BD$11:$BD$40,'SEPTIEMBRE 2'!$CJ$11:$CJ$40,"A")),"")} -> 0 | FA13: {=IFERROR(_xlfn.XLOOKUP($A13&$B13,'SEPTIEMBRE 3'!$D$11:$D$40&'SEPTIEMBRE 3'!$E$11:$E$40,'SEPTIEMBRE 3'!$AK$11:$AK$40,_xlfn.XLOOKUP($A13&$B13,'SEPTIEMBRE 3'!$BC$11:$BC$40&'SEPTIEMBRE 3'!$BD$11:$BD$40,'SEPTIEMBRE 3'!$CJ$11:$CJ$40,"A")),"")} -> 0 | FB13: {=IFERROR(_xlfn.XLOOKUP($A13&$B13,OCTUBRE!$D$11:$D$40&OCTUBRE!$E$11:$E$40,OCTUBRE!$AK$11:$AK$40,_xlfn.XLOOKUP($A13&$B13,OCTUBRE!$BC$11:$BC$40&OCTUBRE!$BD$11:$BD$40,OCTUBRE!$CJ$11:$CJ$40,"A")),"")} -> 0 | FC13: {=IFERROR(_xlfn.XLOOKUP($A13&$B13,'OCTUBRE 2'!$D$11:$D$40&'OCTUBRE 2'!$E$11:$E$40,'OCTUBRE 2'!$AK$11:$AK$40,_xlfn.XLOOKUP($A13&$B13,'OCTUBRE 2'!$BC$11:$BC$40&'OCTUBRE 2'!$BD$11:$BD$40,'OCTUBRE 2'!$CJ$11:$CJ$40,"A")),"")} -> 0 | FD13: {=IFERROR(_xlfn.XLOOKUP($A13&$B13,NOVIEMBRE!$D$11:$D$40&NOVIEMBRE!$E$11:$E$40,NOVIEMBRE!$AK$11:$AK$40,_xlfn.XLOOKUP($A13&$B13,NOVIEMBRE!$BC$11:$BC$40&NOVIEMBRE!$BD$11:$BD$40,NOVIEMBRE!$CJ$11:$CJ$40,"A")),"")} -> 0 | FE13: {=IFERROR(_xlfn.XLOOKUP($A13&$B13,'NOVIEMBRE 2'!$D$11:$D$40&'NOVIEMBRE 2'!$E$11:$E$40,'NOVIEMBRE 2'!$AK$11:$AK$40,_xlfn.XLOOKUP($A13&$B13,'NOVIEMBRE 2'!$BC$11:$BC$40&'NOVIEMBRE 2'!$BD$11:$BD$40,'NOVIEMBRE 2'!$CJ$11:$CJ$40,"A")),"")} -> 0 | FF13: {=IFERROR(_xlfn.XLOOKUP($A13&$B13,DICIEMBRE!$D$11:$D$40&DICIEMBRE!$E$11:$E$40,DICIEMBRE!$AK$11:$AK$40,_xlfn.XLOOKUP($A13&$B13,DICIEMBRE!$BC$11:$BC$40&DICIEMBRE!$BD$11:$BD$40,DICIEMBRE!$CJ$11:$CJ$40,"A")),"")} -> 0 | FG13: =IF( AND(N13="", Z13="", AL13="", AX13="", BJ13="", BV13="", CH13="", CT13="",DF13=""), "", TEXTJOIN( " ", TRUE, IF(AND(N13<>"", N13>=40, COUNTA(C13:M13)=0), "⚠️Faltan notas del Módulo I", ""), IF(AND(Z13<>"", Z13>=40, COUNTA(O13:Y13)=0), "⚠️Faltan notas del Módulo II", ""), IF(AND(AL13<>"", AL13>=40, COUNTA(AA13:AK13)=0), "⚠️Faltan notas del Módulo III", ""), IF(AND(AX13<>"", AX13>=40, COUNTA(AM13:AW13)=0), "⚠️Faltan notas del Módulo IV", ""), IF(AND(BJ13<>"", BJ13>=40, COUNTA(AY13:BI13)=0), "⚠️Faltan notas del Módulo V", ""), IF(AND(BV13<>"", BV13>=40, COUNTA(BK13:BU13)=0), "⚠️Faltan notas del Módulo VI", ""), IF(AND(CH13<>"", CH13>=40, COUNTA(BW13:CG13)=0), "⚠️Faltan notas del Módulo VII", ""), IF(AND(CT13<>"", CT13>=40, COUNTA(CI13:CS13)=0), "⚠️Faltan notas del Módulo VIII", ""), IF(AND(DF13<>"", DF13>=40, COUNTA(CU13:DE13)=0), "⚠️Faltan notas del Módulo IX", "") ) ) | FH13: {=IF( COUNT(DZ13:EH13)=0, "-", IF( COUNT(DZ13:EH13) < COUNTA(DZ13:EH13), REPT("🟩", ROUND(COUNT(DZ13:EH13)/COUNTA(DZ13:EH13)*5, 0)) & REPT("⬜", 5 - ROUND(COUNT(DZ13:EH13)/COUNTA(DZ13:EH13)*5, 0)), IF( AVERAGE(IF(DZ13:EH13<>"", DZ13:EH13, )) >= 70, "🟩🟩🟩🟩🟩", IF( AVERAGE(IF(DZ13:EH13<>"",DZ13:EH13, )) >= 56, "🟨🟨🟨🟨🟨", "🟥🟥🟥🟥🟥" ) ) ) )} -> -
N14: =IFERROR(SUM(DT14:DU14)/SUM($DT$7:$DU$7)*100,"") | Z14: =IFERROR(SUM(EB14:EC14)/SUM($EB$7:$EC$7)*100,"") | AL14: =IFERROR(SUM(EK14:EL14)/SUM($EK$7:$EL$7)*100,"") | AX14: =IFERROR(SUM(EW14:EY14)/SUM($EW$7:$EY$7)*100,"") | BJ14: =IFERROR(SUM(EZ14)/SUM($EZ$7)*100,"") | BV14: =IFERROR(SUM(FA14:FB14)/SUM($FA$7:$FB$7)*100,"") | CH14: =IFERROR(SUM(FC14:FD14)/SUM($FC$7:$FD$7)*100,"") | CT14: =IFERROR(SUM(FE14:FF14)/SUM($FE$7:$FF$7)*100,"") | DG14: {=IFERROR(_xlfn.XLOOKUP($A14&B14,MARZO!$D$11:$D$40&MARZO!$E$11:$E$40,MARZO!$AM$11:$AM$40,_xlfn.XLOOKUP($A14&$B14,MARZO!$BC$11:$BC$40&MARZO!$BD$11:$BD$40,MARZO!$CL$11:$CL$40,"A"))/1%,"")} | DH14: {=IFERROR(_xlfn.XLOOKUP($A14&$B14,ABRIL!$D$11:$D$40&ABRIL!$E$11:$E$40,ABRIL!$AM$11:$AM$40,_xlfn.XLOOKUP($A14&$B14,ABRIL!$BC$11:$BC$40&ABRIL!$BD$11:$BD$40,ABRIL!$CL$11:$CL$40,"A"))/1%,"")} | DI14: {=IFERROR(_xlfn.XLOOKUP($A14&$B14,'ABRIL 2'!$D$11:$D$40&'ABRIL 2'!$E$11:$E$40,'ABRIL 2'!$AM$11:$AM$40,_xlfn.XLOOKUP($A14&$B14,'ABRIL 2'!$BC$11:$BC$40&'ABRIL 2'!$BD$11:$BD$40,'ABRIL 2'!$CL$11:$CL$40,"A"))/1%,"")} | DJ14: {=IFERROR(_xlfn.XLOOKUP($A14&$B14,MAYO!$D$11:$D$40&MAYO!$E$11:$E$40,MAYO!$AM$11:$AM$40,_xlfn.XLOOKUP($A14&$B14,MAYO!$BC$11:$BC$40&MAYO!$BD$11:$BD$40,MAYO!$CL$11:$CL$40,"A"))/1%,"")} | DK14: {=IFERROR(_xlfn.XLOOKUP($A14&$B14,'MAYO 2'!$D$11:$D$40&'MAYO 2'!$E$11:$E$40,'MAYO 2'!$AM$11:$AM$40,_xlfn.XLOOKUP($A14&$B14,'MAYO 2'!$BC$11:$BC$40&'MAYO 2'!$BD$11:$BD$40,'MAYO 2'!$CL$11:$CL$40,"A"))/1%,"")} | DL14: {=IFERROR(_xlfn.XLOOKUP($A14&$B14,JUNIO!$D$11:$D$40&JUNIO!$E$11:$E$40,JUNIO!$AM$11:$AM$40,_xlfn.XLOOKUP($A14&$B14,JUNIO!$BC$11:$BC$40&JUNIO!$BD$11:$BD$40,JUNIO!$CL$11:$CL$40,"A"))/1%,"")} | DM14: {=IFERROR(_xlfn.XLOOKUP($A14&$B14,'JUNIO 2'!$D$11:$D$40&'JUNIO 2'!$E$11:$E$40,'JUNIO 2'!$AM$11:$AM$40,_xlfn.XLOOKUP($A14&$B14,'JUNIO 2'!$BC$11:$BC$40&'JUNIO 2'!$BD$11:$BD$40,'JUNIO 2'!$CL$11:$CL$40,"A"))/1%,"")} | DN14: {=IFERROR(_xlfn.XLOOKUP($A14&$B14,JULIO!$D$11:$D$40&JULIO!$E$11:$E$40,JULIO!$AM$11:$AM$40,_xlfn.XLOOKUP($A14&$B14,JULIO!$BC$11:$BC$40&JULIO!$BD$11:$BD$40,JULIO!$CL$11:$CL$40,"A"))/1%,"")} | DO14: {=IFERROR(_xlfn.XLOOKUP($A14&$B14,'JULIO 2'!$D$11:$D$40&'JULIO 2'!$E$11:$E$40,'JULIO 2'!$AM$11:$AM$40,_xlfn.XLOOKUP($A14&$B14,'JULIO 2'!$BC$11:$BC$40&'JULIO 2'!$BD$11:$BD$40,'JULIO 2'!$CL$11:$CL$40,"A"))/1%,"")} | DP14: {=IFERROR(_xlfn.XLOOKUP($A14&$B14,AGOSTO!$D$11:$D$40&AGOSTO!$E$11:$E$40,AGOSTO!$AM$11:$AM$40,_xlfn.XLOOKUP($A14&$B14,AGOSTO!$BC$11:$BC$40&AGOSTO!$BD$11:$BD$40,AGOSTO!$CL$11:$CL$40,"A"))/1%,"")} | DQ14: {=IFERROR(_xlfn.XLOOKUP($A14&$B14,'AGOSTO 2'!$D$11:$D$40&'AGOSTO 2'!$E$11:$E$40,'AGOSTO 2'!$AM$11:$AM$40,_xlfn.XLOOKUP($A14&$B14,'AGOSTO 2'!$BC$11:$BC$40&'AGOSTO 2'!$BD$11:$BD$40,'AGOSTO 2'!$CL$11:$CL$40,"A"))/1%,"")} | DR14: {=IFERROR(_xlfn.XLOOKUP($A14&$B14,SEPTIEMBRE!$D$11:$D$40&SEPTIEMBRE!$E$11:$E$40,SEPTIEMBRE!$AM$11:$AM$40,_xlfn.XLOOKUP($A14&$B14,SEPTIEMBRE!$BC$11:$BC$40&SEPTIEMBRE!$BD$11:$BD$40,SEPTIEMBRE!$CL$11:$CL$40,"A"))/1%,"")} | DS14: {=IFERROR(_xlfn.XLOOKUP($A14&$B14,'SEPTIEMBRE 2'!$D$11:$D$40&'SEPTIEMBRE 2'!$E$11:$E$40,'SEPTIEMBRE 2'!$AM$11:$AM$40,_xlfn.XLOOKUP($A14&$B14,'SEPTIEMBRE 2'!$BC$11:$BC$40&'SEPTIEMBRE 2'!$BD$11:$BD$40,'SEPTIEMBRE 2'!$CL$11:$CL$40,"A"))/1%,"")} | DT14: {=IFERROR(_xlfn.XLOOKUP($A14&$B14,'SEPTIEMBRE 3'!$D$11:$D$40&'SEPTIEMBRE 3'!$E$11:$E$40,'SEPTIEMBRE 3'!$AM$11:$AM$40,_xlfn.XLOOKUP($A14&$B14,'SEPTIEMBRE 3'!$BC$11:$BC$40&'SEPTIEMBRE 3'!$BD$11:$BD$40,'SEPTIEMBRE 3'!$CL$11:$CL$40,"A"))/1%,"")} | DU14: {=IFERROR(_xlfn.XLOOKUP($A14&$B14,OCTUBRE!$D$11:$D$40&OCTUBRE!$E$11:$E$40,OCTUBRE!$AM$11:$AM$40,_xlfn.XLOOKUP($A14&$B14,OCTUBRE!$BC$11:$BC$40&OCTUBRE!$BD$11:$BD$40,OCTUBRE!$CL$11:$CL$40,"A"))/1%,"")} | DV14: {=IFERROR(_xlfn.XLOOKUP($A14&$B14,'OCTUBRE 2'!$D$11:$D$40&'OCTUBRE 2'!$E$11:$E$40,'OCTUBRE 2'!$AM$11:$AM$40,_xlfn.XLOOKUP($A14&$B14,'OCTUBRE 2'!$BC$11:$BC$40&'OCTUBRE 2'!$BD$11:$BD$40,'OCTUBRE 2'!$CL$11:$CL$40,"A"))/1%,"")} | DW14: {=IFERROR(_xlfn.XLOOKUP($A14&$B14,NOVIEMBRE!$D$11:$D$40&NOVIEMBRE!$E$11:$E$40,NOVIEMBRE!$AM$11:$AM$40,_xlfn.XLOOKUP($A14&$B14,NOVIEMBRE!$BC$11:$BC$40&NOVIEMBRE!$BD$11:$BD$40,NOVIEMBRE!$CL$11:$CL$40,"A"))/1%,"")} | DX14: {=IFERROR(_xlfn.XLOOKUP($A14&$B14,'NOVIEMBRE 2'!$D$11:$D$40&'NOVIEMBRE 2'!$E$11:$E$40,'NOVIEMBRE 2'!$AM$11:$AM$40,_xlfn.XLOOKUP($A14&$B14,'NOVIEMBRE 2'!$BC$11:$BC$40&'NOVIEMBRE 2'!$BD$11:$BD$40,'NOVIEMBRE 2'!$CL$11:$CL$40,"A"))/1%,"")} | DY14: {=IFERROR(_xlfn.XLOOKUP($A14&$B14,DICIEMBRE!$D$11:$D$40&DICIEMBRE!$E$11:$E$40,DICIEMBRE!$AM$11:$AM$40,_xlfn.XLOOKUP($A14&$B14,DICIEMBRE!$BC$11:$BC$40&DICIEMBRE!$BD$11:$BD$40,DICIEMBRE!$CL$11:$CL$40,"A"))/1%,"")} | DZ14: =IFERROR(IF(COUNTIF(C14:N14,"-"),"A",ROUND(AVERAGE(C14:N14),0)),"-") -> - | EA14: =IFERROR(IF(COUNTIF(O14:Z14,"-"),"A",ROUND(AVERAGE(O14:Z14),0)),"-") -> - | EB14: =IFERROR(IF(COUNTIF(AA14:AL14,"-"),"A",ROUND(AVERAGE(AA14:AL14),0)),"-") -> - | EC14: =IFERROR(IF(COUNTIF(AM14:AX14,"-"),"A",ROUND(AVERAGE(AM14:AX14),0)),"-") -> - | ED14: =IFERROR(IF(COUNTIF(AY14:BJ14,"-"),"A",ROUND(AVERAGE(AY14:BJ14),0)),"-") -> - | EE14: =IFERROR(IF(COUNTIF(BK14:BV14,"-"),"A",ROUND(AVERAGE(BK14:BV14),0)),"-") -> - | EF14: =IFERROR(IF(COUNTIF(BW14:CH14,"-"),"A",ROUND(AVERAGE(BW14:CH14),0)),"-") -> - | EG14: =IFERROR(IF(COUNTIF(CI14:CT14,"-"),"A",ROUND(AVERAGE(CI14:CT14),0)),"-") -> - | EH14: =IFERROR(IF(COUNTIF(CU14:DF14,"-"),"A",ROUND(AVERAGE(CU14:DF14),0)),"-") -> - | EI14: =IFERROR(ROUND(AVERAGE(DZ14:EH14),0),"") | EN14: {=IFERROR(_xlfn.XLOOKUP($A14&$B14,MARZO!$D$11:$D$40&MARZO!$E$11:$E$40,MARZO!$AK$11:$AK$40,_xlfn.XLOOKUP($A14&$B14,MARZO!$BC$11:$BC$40&MARZO!$BD$11:$BD$40,MARZO!$CJ$11:$CJ$40,"A")),"")} -> 0 | EO14: {=IFERROR(_xlfn.XLOOKUP($A14&$B14,ABRIL!$D$11:$D$40&ABRIL!$E$11:$E$40,ABRIL!$AK$11:$AK$40,_xlfn.XLOOKUP($A14&$B14,ABRIL!$BC$11:$BC$40&ABRIL!$BD$11:$BD$40,ABRIL!$CJ$11:$CJ$40,"A")),"")} -> 0 | EP14: {=IFERROR(_xlfn.XLOOKUP($A14&$B14,'ABRIL 2'!$D$11:$D$40&'ABRIL 2'!$E$11:$E$40,'ABRIL 2'!$AK$11:$AK$40,_xlfn.XLOOKUP($A14&$B14,'ABRIL 2'!$BC$11:$BC$40&'ABRIL 2'!$BD$11:$BD$40,'ABRIL 2'!$CJ$11:$CJ$40,"A")),"")} -> 0 | EQ14: {=IFERROR(_xlfn.XLOOKUP($A14&$B14,MAYO!$D$11:$D$40&MAYO!$E$11:$E$40,MAYO!$AK$11:$AK$40,_xlfn.XLOOKUP($A14&$B14,MAYO!$BC$11:$BC$40&MAYO!$BD$11:$BD$40,MAYO!$CJ$11:$CJ$40,"A")),"")} -> 0 | ER14: {=IFERROR(_xlfn.XLOOKUP($A14&$B14,'MAYO 2'!$D$11:$D$40&'MAYO 2'!$E$11:$E$40,'MAYO 2'!$AK$11:$AK$40,_xlfn.XLOOKUP($A14&$B14,'MAYO 2'!$BC$11:$BC$40&'MAYO 2'!$BD$11:$BD$40,'MAYO 2'!$CJ$11:$CJ$40,"A")),"")} -> 0 | ES14: {=IFERROR(_xlfn.XLOOKUP($A14&$B14,JUNIO!$D$11:$D$40&JUNIO!$E$11:$E$40,JUNIO!$AK$11:$AK$40,_xlfn.XLOOKUP($A14&$B14,JUNIO!$BC$11:$BC$40&JUNIO!$BD$11:$BD$40,JUNIO!$CJ$11:$CJ$40,"A")),"")} -> 0 | ET14: {=IFERROR(_xlfn.XLOOKUP($A14&$B14,'JUNIO 2'!$D$11:$D$40&'JUNIO 2'!$E$11:$E$40,'JUNIO 2'!$AK$11:$AK$40,_xlfn.XLOOKUP($A14&$B14,'JUNIO 2'!$BC$11:$BC$40&'JUNIO 2'!$BD$11:$BD$40,'JUNIO 2'!$CJ$11:$CJ$40,"A")),"")} -> 0 | EU14: {=IFERROR(_xlfn.XLOOKUP($A14&$B14,JULIO!$D$11:$D$40&JULIO!$E$11:$E$40,JULIO!$AK$11:$AK$40,_xlfn.XLOOKUP($A14&$B14,JULIO!$BC$11:$BC$40&JULIO!$BD$11:$BD$40,JULIO!$CJ$11:$CJ$40,"A")),"")} -> 0 | EV14: {=IFERROR(_xlfn.XLOOKUP($A14&$B14,'JULIO 2'!$D$11:$D$40&'JULIO 2'!$E$11:$E$40,'JULIO 2'!$AK$11:$AK$40,_xlfn.XLOOKUP($A14&$B14,'JULIO 2'!$BC$11:$BC$40&'JULIO 2'!$BD$11:$BD$40,'JULIO 2'!$CJ$11:$CJ$40,"A")),"")} -> 0 | EW14: {=IFERROR(_xlfn.XLOOKUP($A14&$B14,AGOSTO!$D$11:$D$40&AGOSTO!$E$11:$E$40,AGOSTO!$AK$11:$AK$40,_xlfn.XLOOKUP($A14&$B14,AGOSTO!$BC$11:$BC$40&AGOSTO!$BD$11:$BD$40,AGOSTO!$CJ$11:$CJ$40,"A")),"")} -> 0 | EX14: {=IFERROR(_xlfn.XLOOKUP($A14&$B14,'AGOSTO 2'!$D$11:$D$40&'AGOSTO 2'!$E$11:$E$40,'AGOSTO 2'!$AK$11:$AK$40,_xlfn.XLOOKUP($A14&$B14,'AGOSTO 2'!$BC$11:$BC$40&'AGOSTO 2'!$BD$11:$BD$40,'AGOSTO 2'!$CJ$11:$CJ$40,"A")),"")} -> 0 | EY14: {=IFERROR(_xlfn.XLOOKUP($A14&$B14,SEPTIEMBRE!$D$11:$D$40&SEPTIEMBRE!$E$11:$E$40,SEPTIEMBRE!$AK$11:$AK$40,_xlfn.XLOOKUP($A14&$B14,SEPTIEMBRE!$BC$11:$BC$40&SEPTIEMBRE!$BD$11:$BD$40,SEPTIEMBRE!$CJ$11:$CJ$40,"A")),"")} -> 0 | EZ14: {=IFERROR(_xlfn.XLOOKUP($A14&$B14,'SEPTIEMBRE 2'!$D$11:$D$40&'SEPTIEMBRE 2'!$E$11:$E$40,'SEPTIEMBRE 2'!$AK$11:$AK$40,_xlfn.XLOOKUP($A14&$B14,'SEPTIEMBRE 2'!$BC$11:$BC$40&'SEPTIEMBRE 2'!$BD$11:$BD$40,'SEPTIEMBRE 2'!$CJ$11:$CJ$40,"A")),"")} -> 0 | FA14: {=IFERROR(_xlfn.XLOOKUP($A14&$B14,'SEPTIEMBRE 3'!$D$11:$D$40&'SEPTIEMBRE 3'!$E$11:$E$40,'SEPTIEMBRE 3'!$AK$11:$AK$40,_xlfn.XLOOKUP($A14&$B14,'SEPTIEMBRE 3'!$BC$11:$BC$40&'SEPTIEMBRE 3'!$BD$11:$BD$40,'SEPTIEMBRE 3'!$CJ$11:$CJ$40,"A")),"")} -> 0 | FB14: {=IFERROR(_xlfn.XLOOKUP($A14&$B14,OCTUBRE!$D$11:$D$40&OCTUBRE!$E$11:$E$40,OCTUBRE!$AK$11:$AK$40,_xlfn.XLOOKUP($A14&$B14,OCTUBRE!$BC$11:$BC$40&OCTUBRE!$BD$11:$BD$40,OCTUBRE!$CJ$11:$CJ$40,"A")),"")} -> 0 | FC14: {=IFERROR(_xlfn.XLOOKUP($A14&$B14,'OCTUBRE 2'!$D$11:$D$40&'OCTUBRE 2'!$E$11:$E$40,'OCTUBRE 2'!$AK$11:$AK$40,_xlfn.XLOOKUP($A14&$B14,'OCTUBRE 2'!$BC$11:$BC$40&'OCTUBRE 2'!$BD$11:$BD$40,'OCTUBRE 2'!$CJ$11:$CJ$40,"A")),"")} -> 0 | FD14: {=IFERROR(_xlfn.XLOOKUP($A14&$B14,NOVIEMBRE!$D$11:$D$40&NOVIEMBRE!$E$11:$E$40,NOVIEMBRE!$AK$11:$AK$40,_xlfn.XLOOKUP($A14&$B14,NOVIEMBRE!$BC$11:$BC$40&NOVIEMBRE!$BD$11:$BD$40,NOVIEMBRE!$CJ$11:$CJ$40,"A")),"")} -> 0 | FE14: {=IFERROR(_xlfn.XLOOKUP($A14&$B14,'NOVIEMBRE 2'!$D$11:$D$40&'NOVIEMBRE 2'!$E$11:$E$40,'NOVIEMBRE 2'!$AK$11:$AK$40,_xlfn.XLOOKUP($A14&$B14,'NOVIEMBRE 2'!$BC$11:$BC$40&'NOVIEMBRE 2'!$BD$11:$BD$40,'NOVIEMBRE 2'!$CJ$11:$CJ$40,"A")),"")} -> 0 | FF14: {=IFERROR(_xlfn.XLOOKUP($A14&$B14,DICIEMBRE!$D$11:$D$40&DICIEMBRE!$E$11:$E$40,DICIEMBRE!$AK$11:$AK$40,_xlfn.XLOOKUP($A14&$B14,DICIEMBRE!$BC$11:$BC$40&DICIEMBRE!$BD$11:$BD$40,DICIEMBRE!$CJ$11:$CJ$40,"A")),"")} -> 0 | FG14: =IF( AND(N14="", Z14="", AL14="", AX14="", BJ14="", BV14="", CH14="", CT14="",DF14=""), "", TEXTJOIN( " ", TRUE, IF(AND(N14<>"", N14>=40, COUNTA(C14:M14)=0), "⚠️Faltan notas del Módulo I", ""), IF(AND(Z14<>"", Z14>=40, COUNTA(O14:Y14)=0), "⚠️Faltan notas del Módulo II", ""), IF(AND(AL14<>"", AL14>=40, COUNTA(AA14:AK14)=0), "⚠️Faltan notas del Módulo III", ""), IF(AND(AX14<>"", AX14>=40, COUNTA(AM14:AW14)=0), "⚠️Faltan notas del Módulo IV", ""), IF(AND(BJ14<>"", BJ14>=40, COUNTA(AY14:BI14)=0), "⚠️Faltan notas del Módulo V", ""), IF(AND(BV14<>"", BV14>=40, COUNTA(BK14:BU14)=0), "⚠️Faltan notas del Módulo VI", ""), IF(AND(CH14<>"", CH14>=40, COUNTA(BW14:CG14)=0), "⚠️Faltan notas del Módulo VII", ""), IF(AND(CT14<>"", CT14>=40, COUNTA(CI14:CS14)=0), "⚠️Faltan notas del Módulo VIII", ""), IF(AND(DF14<>"", DF14>=40, COUNTA(CU14:DE14)=0), "⚠️Faltan notas del Módulo IX", "") ) ) | FH14: {=IF( COUNT(DZ14:EH14)=0, "-", IF( COUNT(DZ14:EH14) < COUNTA(DZ14:EH14), REPT("🟩", ROUND(COUNT(DZ14:EH14)/COUNTA(DZ14:EH14)*5, 0)) & REPT("⬜", 5 - ROUND(COUNT(DZ14:EH14)/COUNTA(DZ14:EH14)*5, 0)), IF( AVERAGE(IF(DZ14:EH14<>"", DZ14:EH14, )) >= 70, "🟩🟩🟩🟩🟩", IF( AVERAGE(IF(DZ14:EH14<>"",DZ14:EH14, )) >= 56, "🟨🟨🟨🟨🟨", "🟥🟥🟥🟥🟥" ) ) ) )} -> -
N15: =IFERROR(SUM(DT15:DU15)/SUM($DT$7:$DU$7)*100,"") | Z15: =IFERROR(SUM(EB15:EC15)/SUM($EB$7:$EC$7)*100,"") | AL15: =IFERROR(SUM(EK15:EL15)/SUM($EK$7:$EL$7)*100,"") | AX15: =IFERROR(SUM(EW15:EY15)/SUM($EW$7:$EY$7)*100,"") | BJ15: =IFERROR(SUM(EZ15)/SUM($EZ$7)*100,"") | BV15: =IFERROR(SUM(FA15:FB15)/SUM($FA$7:$FB$7)*100,"") | CH15: =IFERROR(SUM(FC15:FD15)/SUM($FC$7:$FD$7)*100,"") | CT15: =IFERROR(SUM(FE15:FF15)/SUM($FE$7:$FF$7)*100,"") | DG15: {=IFERROR(_xlfn.XLOOKUP($A15&B15,MARZO!$D$11:$D$40&MARZO!$E$11:$E$40,MARZO!$AM$11:$AM$40,_xlfn.XLOOKUP($A15&$B15,MARZO!$BC$11:$BC$40&MARZO!$BD$11:$BD$40,MARZO!$CL$11:$CL$40,"A"))/1%,"")} | DH15: {=IFERROR(_xlfn.XLOOKUP($A15&$B15,ABRIL!$D$11:$D$40&ABRIL!$E$11:$E$40,ABRIL!$AM$11:$AM$40,_xlfn.XLOOKUP($A15&$B15,ABRIL!$BC$11:$BC$40&ABRIL!$BD$11:$BD$40,ABRIL!$CL$11:$CL$40,"A"))/1%,"")} | DI15: {=IFERROR(_xlfn.XLOOKUP($A15&$B15,'ABRIL 2'!$D$11:$D$40&'ABRIL 2'!$E$11:$E$40,'ABRIL 2'!$AM$11:$AM$40,_xlfn.XLOOKUP($A15&$B15,'ABRIL 2'!$BC$11:$BC$40&'ABRIL 2'!$BD$11:$BD$40,'ABRIL 2'!$CL$11:$CL$40,"A"))/1%,"")} | DJ15: {=IFERROR(_xlfn.XLOOKUP($A15&$B15,MAYO!$D$11:$D$40&MAYO!$E$11:$E$40,MAYO!$AM$11:$AM$40,_xlfn.XLOOKUP($A15&$B15,MAYO!$BC$11:$BC$40&MAYO!$BD$11:$BD$40,MAYO!$CL$11:$CL$40,"A"))/1%,"")} | DK15: {=IFERROR(_xlfn.XLOOKUP($A15&$B15,'MAYO 2'!$D$11:$D$40&'MAYO 2'!$E$11:$E$40,'MAYO 2'!$AM$11:$AM$40,_xlfn.XLOOKUP($A15&$B15,'MAYO 2'!$BC$11:$BC$40&'MAYO 2'!$BD$11:$BD$40,'MAYO 2'!$CL$11:$CL$40,"A"))/1%,"")} | DL15: {=IFERROR(_xlfn.XLOOKUP($A15&$B15,JUNIO!$D$11:$D$40&JUNIO!$E$11:$E$40,JUNIO!$AM$11:$AM$40,_xlfn.XLOOKUP($A15&$B15,JUNIO!$BC$11:$BC$40&JUNIO!$BD$11:$BD$40,JUNIO!$CL$11:$CL$40,"A"))/1%,"")} | DM15: {=IFERROR(_xlfn.XLOOKUP($A15&$B15,'JUNIO 2'!$D$11:$D$40&'JUNIO 2'!$E$11:$E$40,'JUNIO 2'!$AM$11:$AM$40,_xlfn.XLOOKUP($A15&$B15,'JUNIO 2'!$BC$11:$BC$40&'JUNIO 2'!$BD$11:$BD$40,'JUNIO 2'!$CL$11:$CL$40,"A"))/1%,"")} | DN15: {=IFERROR(_xlfn.XLOOKUP($A15&$B15,JULIO!$D$11:$D$40&JULIO!$E$11:$E$40,JULIO!$AM$11:$AM$40,_xlfn.XLOOKUP($A15&$B15,JULIO!$BC$11:$BC$40&JULIO!$BD$11:$BD$40,JULIO!$CL$11:$CL$40,"A"))/1%,"")} | DO15: {=IFERROR(_xlfn.XLOOKUP($A15&$B15,'JULIO 2'!$D$11:$D$40&'JULIO 2'!$E$11:$E$40,'JULIO 2'!$AM$11:$AM$40,_xlfn.XLOOKUP($A15&$B15,'JULIO 2'!$BC$11:$BC$40&'JULIO 2'!$BD$11:$BD$40,'JULIO 2'!$CL$11:$CL$40,"A"))/1%,"")} | DP15: {=IFERROR(_xlfn.XLOOKUP($A15&$B15,AGOSTO!$D$11:$D$40&AGOSTO!$E$11:$E$40,AGOSTO!$AM$11:$AM$40,_xlfn.XLOOKUP($A15&$B15,AGOSTO!$BC$11:$BC$40&AGOSTO!$BD$11:$BD$40,AGOSTO!$CL$11:$CL$40,"A"))/1%,"")} | DQ15: {=IFERROR(_xlfn.XLOOKUP($A15&$B15,'AGOSTO 2'!$D$11:$D$40&'AGOSTO 2'!$E$11:$E$40,'AGOSTO 2'!$AM$11:$AM$40,_xlfn.XLOOKUP($A15&$B15,'AGOSTO 2'!$BC$11:$BC$40&'AGOSTO 2'!$BD$11:$BD$40,'AGOSTO 2'!$CL$11:$CL$40,"A"))/1%,"")} | DR15: {=IFERROR(_xlfn.XLOOKUP($A15&$B15,SEPTIEMBRE!$D$11:$D$40&SEPTIEMBRE!$E$11:$E$40,SEPTIEMBRE!$AM$11:$AM$40,_xlfn.XLOOKUP($A15&$B15,SEPTIEMBRE!$BC$11:$BC$40&SEPTIEMBRE!$BD$11:$BD$40,SEPTIEMBRE!$CL$11:$CL$40,"A"))/1%,"")} | DS15: {=IFERROR(_xlfn.XLOOKUP($A15&$B15,'SEPTIEMBRE 2'!$D$11:$D$40&'SEPTIEMBRE 2'!$E$11:$E$40,'SEPTIEMBRE 2'!$AM$11:$AM$40,_xlfn.XLOOKUP($A15&$B15,'SEPTIEMBRE 2'!$BC$11:$BC$40&'SEPTIEMBRE 2'!$BD$11:$BD$40,'SEPTIEMBRE 2'!$CL$11:$CL$40,"A"))/1%,"")} | DT15: {=IFERROR(_xlfn.XLOOKUP($A15&$B15,'SEPTIEMBRE 3'!$D$11:$D$40&'SEPTIEMBRE 3'!$E$11:$E$40,'SEPTIEMBRE 3'!$AM$11:$AM$40,_xlfn.XLOOKUP($A15&$B15,'SEPTIEMBRE 3'!$BC$11:$BC$40&'SEPTIEMBRE 3'!$BD$11:$BD$40,'SEPTIEMBRE 3'!$CL$11:$CL$40,"A"))/1%,"")} | DU15: {=IFERROR(_xlfn.XLOOKUP($A15&$B15,OCTUBRE!$D$11:$D$40&OCTUBRE!$E$11:$E$40,OCTUBRE!$AM$11:$AM$40,_xlfn.XLOOKUP($A15&$B15,OCTUBRE!$BC$11:$BC$40&OCTUBRE!$BD$11:$BD$40,OCTUBRE!$CL$11:$CL$40,"A"))/1%,"")} | DV15: {=IFERROR(_xlfn.XLOOKUP($A15&$B15,'OCTUBRE 2'!$D$11:$D$40&'OCTUBRE 2'!$E$11:$E$40,'OCTUBRE 2'!$AM$11:$AM$40,_xlfn.XLOOKUP($A15&$B15,'OCTUBRE 2'!$BC$11:$BC$40&'OCTUBRE 2'!$BD$11:$BD$40,'OCTUBRE 2'!$CL$11:$CL$40,"A"))/1%,"")} | DW15: {=IFERROR(_xlfn.XLOOKUP($A15&$B15,NOVIEMBRE!$D$11:$D$40&NOVIEMBRE!$E$11:$E$40,NOVIEMBRE!$AM$11:$AM$40,_xlfn.XLOOKUP($A15&$B15,NOVIEMBRE!$BC$11:$BC$40&NOVIEMBRE!$BD$11:$BD$40,NOVIEMBRE!$CL$11:$CL$40,"A"))/1%,"")} | DX15: {=IFERROR(_xlfn.XLOOKUP($A15&$B15,'NOVIEMBRE 2'!$D$11:$D$40&'NOVIEMBRE 2'!$E$11:$E$40,'NOVIEMBRE 2'!$AM$11:$AM$40,_xlfn.XLOOKUP($A15&$B15,'NOVIEMBRE 2'!$BC$11:$BC$40&'NOVIEMBRE 2'!$BD$11:$BD$40,'NOVIEMBRE 2'!$CL$11:$CL$40,"A"))/1%,"")} | DY15: {=IFERROR(_xlfn.XLOOKUP($A15&$B15,DICIEMBRE!$D$11:$D$40&DICIEMBRE!$E$11:$E$40,DICIEMBRE!$AM$11:$AM$40,_xlfn.XLOOKUP($A15&$B15,DICIEMBRE!$BC$11:$BC$40&DICIEMBRE!$BD$11:$BD$40,DICIEMBRE!$CL$11:$CL$40,"A"))/1%,"")} | DZ15: =IFERROR(IF(COUNTIF(C15:N15,"-"),"A",ROUND(AVERAGE(C15:N15),0)),"-") -> - | EA15: =IFERROR(IF(COUNTIF(O15:Z15,"-"),"A",ROUND(AVERAGE(O15:Z15),0)),"-") -> - | EB15: =IFERROR(IF(COUNTIF(AA15:AL15,"-"),"A",ROUND(AVERAGE(AA15:AL15),0)),"-") -> - | EC15: =IFERROR(IF(COUNTIF(AM15:AX15,"-"),"A",ROUND(AVERAGE(AM15:AX15),0)),"-") -> - | ED15: =IFERROR(IF(COUNTIF(AY15:BJ15,"-"),"A",ROUND(AVERAGE(AY15:BJ15),0)),"-") -> - | EE15: =IFERROR(IF(COUNTIF(BK15:BV15,"-"),"A",ROUND(AVERAGE(BK15:BV15),0)),"-") -> - | EF15: =IFERROR(IF(COUNTIF(BW15:CH15,"-"),"A",ROUND(AVERAGE(BW15:CH15),0)),"-") -> - | EG15: =IFERROR(IF(COUNTIF(CI15:CT15,"-"),"A",ROUND(AVERAGE(CI15:CT15),0)),"-") -> - | EH15: =IFERROR(IF(COUNTIF(CU15:DF15,"-"),"A",ROUND(AVERAGE(CU15:DF15),0)),"-") -> - | EI15: =IFERROR(ROUND(AVERAGE(DZ15:EH15),0),"") | EN15: {=IFERROR(_xlfn.XLOOKUP($A15&$B15,MARZO!$D$11:$D$40&MARZO!$E$11:$E$40,MARZO!$AK$11:$AK$40,_xlfn.XLOOKUP($A15&$B15,MARZO!$BC$11:$BC$40&MARZO!$BD$11:$BD$40,MARZO!$CJ$11:$CJ$40,"A")),"")} -> 0 | EO15: {=IFERROR(_xlfn.XLOOKUP($A15&$B15,ABRIL!$D$11:$D$40&ABRIL!$E$11:$E$40,ABRIL!$AK$11:$AK$40,_xlfn.XLOOKUP($A15&$B15,ABRIL!$BC$11:$BC$40&ABRIL!$BD$11:$BD$40,ABRIL!$CJ$11:$CJ$40,"A")),"")} -> 0 | EP15: {=IFERROR(_xlfn.XLOOKUP($A15&$B15,'ABRIL 2'!$D$11:$D$40&'ABRIL 2'!$E$11:$E$40,'ABRIL 2'!$AK$11:$AK$40,_xlfn.XLOOKUP($A15&$B15,'ABRIL 2'!$BC$11:$BC$40&'ABRIL 2'!$BD$11:$BD$40,'ABRIL 2'!$CJ$11:$CJ$40,"A")),"")} -> 0 | EQ15: {=IFERROR(_xlfn.XLOOKUP($A15&$B15,MAYO!$D$11:$D$40&MAYO!$E$11:$E$40,MAYO!$AK$11:$AK$40,_xlfn.XLOOKUP($A15&$B15,MAYO!$BC$11:$BC$40&MAYO!$BD$11:$BD$40,MAYO!$CJ$11:$CJ$40,"A")),"")} -> 0 | ER15: {=IFERROR(_xlfn.XLOOKUP($A15&$B15,'MAYO 2'!$D$11:$D$40&'MAYO 2'!$E$11:$E$40,'MAYO 2'!$AK$11:$AK$40,_xlfn.XLOOKUP($A15&$B15,'MAYO 2'!$BC$11:$BC$40&'MAYO 2'!$BD$11:$BD$40,'MAYO 2'!$CJ$11:$CJ$40,"A")),"")} -> 0 | ES15: {=IFERROR(_xlfn.XLOOKUP($A15&$B15,JUNIO!$D$11:$D$40&JUNIO!$E$11:$E$40,JUNIO!$AK$11:$AK$40,_xlfn.XLOOKUP($A15&$B15,JUNIO!$BC$11:$BC$40&JUNIO!$BD$11:$BD$40,JUNIO!$CJ$11:$CJ$40,"A")),"")} -> 0 | ET15: {=IFERROR(_xlfn.XLOOKUP($A15&$B15,'JUNIO 2'!$D$11:$D$40&'JUNIO 2'!$E$11:$E$40,'JUNIO 2'!$AK$11:$AK$40,_xlfn.XLOOKUP($A15&$B15,'JUNIO 2'!$BC$11:$BC$40&'JUNIO 2'!$BD$11:$BD$40,'JUNIO 2'!$CJ$11:$CJ$40,"A")),"")} -> 0 | EU15: {=IFERROR(_xlfn.XLOOKUP($A15&$B15,JULIO!$D$11:$D$40&JULIO!$E$11:$E$40,JULIO!$AK$11:$AK$40,_xlfn.XLOOKUP($A15&$B15,JULIO!$BC$11:$BC$40&JULIO!$BD$11:$BD$40,JULIO!$CJ$11:$CJ$40,"A")),"")} -> 0 | EV15: {=IFERROR(_xlfn.XLOOKUP($A15&$B15,'JULIO 2'!$D$11:$D$40&'JULIO 2'!$E$11:$E$40,'JULIO 2'!$AK$11:$AK$40,_xlfn.XLOOKUP($A15&$B15,'JULIO 2'!$BC$11:$BC$40&'JULIO 2'!$BD$11:$BD$40,'JULIO 2'!$CJ$11:$CJ$40,"A")),"")} -> 0 | EW15: {=IFERROR(_xlfn.XLOOKUP($A15&$B15,AGOSTO!$D$11:$D$40&AGOSTO!$E$11:$E$40,AGOSTO!$AK$11:$AK$40,_xlfn.XLOOKUP($A15&$B15,AGOSTO!$BC$11:$BC$40&AGOSTO!$BD$11:$BD$40,AGOSTO!$CJ$11:$CJ$40,"A")),"")} -> 0 | EX15: {=IFERROR(_xlfn.XLOOKUP($A15&$B15,'AGOSTO 2'!$D$11:$D$40&'AGOSTO 2'!$E$11:$E$40,'AGOSTO 2'!$AK$11:$AK$40,_xlfn.XLOOKUP($A15&$B15,'AGOSTO 2'!$BC$11:$BC$40&'AGOSTO 2'!$BD$11:$BD$40,'AGOSTO 2'!$CJ$11:$CJ$40,"A")),"")} -> 0 | EY15: {=IFERROR(_xlfn.XLOOKUP($A15&$B15,SEPTIEMBRE!$D$11:$D$40&SEPTIEMBRE!$E$11:$E$40,SEPTIEMBRE!$AK$11:$AK$40,_xlfn.XLOOKUP($A15&$B15,SEPTIEMBRE!$BC$11:$BC$40&SEPTIEMBRE!$BD$11:$BD$40,SEPTIEMBRE!$CJ$11:$CJ$40,"A")),"")} -> 0 | EZ15: {=IFERROR(_xlfn.XLOOKUP($A15&$B15,'SEPTIEMBRE 2'!$D$11:$D$40&'SEPTIEMBRE 2'!$E$11:$E$40,'SEPTIEMBRE 2'!$AK$11:$AK$40,_xlfn.XLOOKUP($A15&$B15,'SEPTIEMBRE 2'!$BC$11:$BC$40&'SEPTIEMBRE 2'!$BD$11:$BD$40,'SEPTIEMBRE 2'!$CJ$11:$CJ$40,"A")),"")} -> 0 | FA15: {=IFERROR(_xlfn.XLOOKUP($A15&$B15,'SEPTIEMBRE 3'!$D$11:$D$40&'SEPTIEMBRE 3'!$E$11:$E$40,'SEPTIEMBRE 3'!$AK$11:$AK$40,_xlfn.XLOOKUP($A15&$B15,'SEPTIEMBRE 3'!$BC$11:$BC$40&'SEPTIEMBRE 3'!$BD$11:$BD$40,'SEPTIEMBRE 3'!$CJ$11:$CJ$40,"A")),"")} -> 0 | FB15: {=IFERROR(_xlfn.XLOOKUP($A15&$B15,OCTUBRE!$D$11:$D$40&OCTUBRE!$E$11:$E$40,OCTUBRE!$AK$11:$AK$40,_xlfn.XLOOKUP($A15&$B15,OCTUBRE!$BC$11:$BC$40&OCTUBRE!$BD$11:$BD$40,OCTUBRE!$CJ$11:$CJ$40,"A")),"")} -> 0 | FC15: {=IFERROR(_xlfn.XLOOKUP($A15&$B15,'OCTUBRE 2'!$D$11:$D$40&'OCTUBRE 2'!$E$11:$E$40,'OCTUBRE 2'!$AK$11:$AK$40,_xlfn.XLOOKUP($A15&$B15,'OCTUBRE 2'!$BC$11:$BC$40&'OCTUBRE 2'!$BD$11:$BD$40,'OCTUBRE 2'!$CJ$11:$CJ$40,"A")),"")} -> 0 | FD15: {=IFERROR(_xlfn.XLOOKUP($A15&$B15,NOVIEMBRE!$D$11:$D$40&NOVIEMBRE!$E$11:$E$40,NOVIEMBRE!$AK$11:$AK$40,_xlfn.XLOOKUP($A15&$B15,NOVIEMBRE!$BC$11:$BC$40&NOVIEMBRE!$BD$11:$BD$40,NOVIEMBRE!$CJ$11:$CJ$40,"A")),"")} -> 0 | FE15: {=IFERROR(_xlfn.XLOOKUP($A15&$B15,'NOVIEMBRE 2'!$D$11:$D$40&'NOVIEMBRE 2'!$E$11:$E$40,'NOVIEMBRE 2'!$AK$11:$AK$40,_xlfn.XLOOKUP($A15&$B15,'NOVIEMBRE 2'!$BC$11:$BC$40&'NOVIEMBRE 2'!$BD$11:$BD$40,'NOVIEMBRE 2'!$CJ$11:$CJ$40,"A")),"")} -> 0 | FF15: {=IFERROR(_xlfn.XLOOKUP($A15&$B15,DICIEMBRE!$D$11:$D$40&DICIEMBRE!$E$11:$E$40,DICIEMBRE!$AK$11:$AK$40,_xlfn.XLOOKUP($A15&$B15,DICIEMBRE!$BC$11:$BC$40&DICIEMBRE!$BD$11:$BD$40,DICIEMBRE!$CJ$11:$CJ$40,"A")),"")} -> 0 | FG15: =IF( AND(N15="", Z15="", AL15="", AX15="", BJ15="", BV15="", CH15="", CT15="",DF15=""), "", TEXTJOIN( " ", TRUE, IF(AND(N15<>"", N15>=40, COUNTA(C15:M15)=0), "⚠️Faltan notas del Módulo I", ""), IF(AND(Z15<>"", Z15>=40, COUNTA(O15:Y15)=0), "⚠️Faltan notas del Módulo II", ""), IF(AND(AL15<>"", AL15>=40, COUNTA(AA15:AK15)=0), "⚠️Faltan notas del Módulo III", ""), IF(AND(AX15<>"", AX15>=40, COUNTA(AM15:AW15)=0), "⚠️Faltan notas del Módulo IV", ""), IF(AND(BJ15<>"", BJ15>=40, COUNTA(AY15:BI15)=0), "⚠️Faltan notas del Módulo V", ""), IF(AND(BV15<>"", BV15>=40, COUNTA(BK15:BU15)=0), "⚠️Faltan notas del Módulo VI", ""), IF(AND(CH15<>"", CH15>=40, COUNTA(BW15:CG15)=0), "⚠️Faltan notas del Módulo VII", ""), IF(AND(CT15<>"", CT15>=40, COUNTA(CI15:CS15)=0), "⚠️Faltan notas del Módulo VIII", ""), IF(AND(DF15<>"", DF15>=40, COUNTA(CU15:DE15)=0), "⚠️Faltan notas del Módulo IX", "") ) ) | FH15: {=IF( COUNT(DZ15:EH15)=0, "-", IF( COUNT(DZ15:EH15) < COUNTA(DZ15:EH15), REPT("🟩", ROUND(COUNT(DZ15:EH15)/COUNTA(DZ15:EH15)*5, 0)) & REPT("⬜", 5 - ROUND(COUNT(DZ15:EH15)/COUNTA(DZ15:EH15)*5, 0)), IF( AVERAGE(IF(DZ15:EH15<>"", DZ15:EH15, )) >= 70, "🟩🟩🟩🟩🟩", IF( AVERAGE(IF(DZ15:EH15<>"",DZ15:EH15, )) >= 56, "🟨🟨🟨🟨🟨", "🟥🟥🟥🟥🟥" ) ) ) )} -> -
N16: =IFERROR(SUM(DT16:DU16)/SUM($DT$7:$DU$7)*100,"") | Z16: =IFERROR(SUM(EB16:EC16)/SUM($EB$7:$EC$7)*100,"") | AL16: =IFERROR(SUM(EK16:EL16)/SUM($EK$7:$EL$7)*100,"") | AX16: =IFERROR(SUM(EW16:EY16)/SUM($EW$7:$EY$7)*100,"") | BJ16: =IFERROR(SUM(EZ16)/SUM($EZ$7)*100,"") | BV16: =IFERROR(SUM(FA16:FB16)/SUM($FA$7:$FB$7)*100,"") | CH16: =IFERROR(SUM(FC16:FD16)/SUM($FC$7:$FD$7)*100,"") | CT16: =IFERROR(SUM(FE16:FF16)/SUM($FE$7:$FF$7)*100,"") | DG16: {=IFERROR(_xlfn.XLOOKUP($A16&B16,MARZO!$D$11:$D$40&MARZO!$E$11:$E$40,MARZO!$AM$11:$AM$40,_xlfn.XLOOKUP($A16&$B16,MARZO!$BC$11:$BC$40&MARZO!$BD$11:$BD$40,MARZO!$CL$11:$CL$40,"A"))/1%,"")} | DH16: {=IFERROR(_xlfn.XLOOKUP($A16&$B16,ABRIL!$D$11:$D$40&ABRIL!$E$11:$E$40,ABRIL!$AM$11:$AM$40,_xlfn.XLOOKUP($A16&$B16,ABRIL!$BC$11:$BC$40&ABRIL!$BD$11:$BD$40,ABRIL!$CL$11:$CL$40,"A"))/1%,"")} | DI16: {=IFERROR(_xlfn.XLOOKUP($A16&$B16,'ABRIL 2'!$D$11:$D$40&'ABRIL 2'!$E$11:$E$40,'ABRIL 2'!$AM$11:$AM$40,_xlfn.XLOOKUP($A16&$B16,'ABRIL 2'!$BC$11:$BC$40&'ABRIL 2'!$BD$11:$BD$40,'ABRIL 2'!$CL$11:$CL$40,"A"))/1%,"")} | DJ16: {=IFERROR(_xlfn.XLOOKUP($A16&$B16,MAYO!$D$11:$D$40&MAYO!$E$11:$E$40,MAYO!$AM$11:$AM$40,_xlfn.XLOOKUP($A16&$B16,MAYO!$BC$11:$BC$40&MAYO!$BD$11:$BD$40,MAYO!$CL$11:$CL$40,"A"))/1%,"")} | DK16: {=IFERROR(_xlfn.XLOOKUP($A16&$B16,'MAYO 2'!$D$11:$D$40&'MAYO 2'!$E$11:$E$40,'MAYO 2'!$AM$11:$AM$40,_xlfn.XLOOKUP($A16&$B16,'MAYO 2'!$BC$11:$BC$40&'MAYO 2'!$BD$11:$BD$40,'MAYO 2'!$CL$11:$CL$40,"A"))/1%,"")} | DL16: {=IFERROR(_xlfn.XLOOKUP($A16&$B16,JUNIO!$D$11:$D$40&JUNIO!$E$11:$E$40,JUNIO!$AM$11:$AM$40,_xlfn.XLOOKUP($A16&$B16,JUNIO!$BC$11:$BC$40&JUNIO!$BD$11:$BD$40,JUNIO!$CL$11:$CL$40,"A"))/1%,"")} | DM16: {=IFERROR(_xlfn.XLOOKUP($A16&$B16,'JUNIO 2'!$D$11:$D$40&'JUNIO 2'!$E$11:$E$40,'JUNIO 2'!$AM$11:$AM$40,_xlfn.XLOOKUP($A16&$B16,'JUNIO 2'!$BC$11:$BC$40&'JUNIO 2'!$BD$11:$BD$40,'JUNIO 2'!$CL$11:$CL$40,"A"))/1%,"")} | DN16: {=IFERROR(_xlfn.XLOOKUP($A16&$B16,JULIO!$D$11:$D$40&JULIO!$E$11:$E$40,JULIO!$AM$11:$AM$40,_xlfn.XLOOKUP($A16&$B16,JULIO!$BC$11:$BC$40&JULIO!$BD$11:$BD$40,JULIO!$CL$11:$CL$40,"A"))/1%,"")} | DO16: {=IFERROR(_xlfn.XLOOKUP($A16&$B16,'JULIO 2'!$D$11:$D$40&'JULIO 2'!$E$11:$E$40,'JULIO 2'!$AM$11:$AM$40,_xlfn.XLOOKUP($A16&$B16,'JULIO 2'!$BC$11:$BC$40&'JULIO 2'!$BD$11:$BD$40,'JULIO 2'!$CL$11:$CL$40,"A"))/1%,"")} | DP16: {=IFERROR(_xlfn.XLOOKUP($A16&$B16,AGOSTO!$D$11:$D$40&AGOSTO!$E$11:$E$40,AGOSTO!$AM$11:$AM$40,_xlfn.XLOOKUP($A16&$B16,AGOSTO!$BC$11:$BC$40&AGOSTO!$BD$11:$BD$40,AGOSTO!$CL$11:$CL$40,"A"))/1%,"")} | DQ16: {=IFERROR(_xlfn.XLOOKUP($A16&$B16,'AGOSTO 2'!$D$11:$D$40&'AGOSTO 2'!$E$11:$E$40,'AGOSTO 2'!$AM$11:$AM$40,_xlfn.XLOOKUP($A16&$B16,'AGOSTO 2'!$BC$11:$BC$40&'AGOSTO 2'!$BD$11:$BD$40,'AGOSTO 2'!$CL$11:$CL$40,"A"))/1%,"")} | DR16: {=IFERROR(_xlfn.XLOOKUP($A16&$B16,SEPTIEMBRE!$D$11:$D$40&SEPTIEMBRE!$E$11:$E$40,SEPTIEMBRE!$AM$11:$AM$40,_xlfn.XLOOKUP($A16&$B16,SEPTIEMBRE!$BC$11:$BC$40&SEPTIEMBRE!$BD$11:$BD$40,SEPTIEMBRE!$CL$11:$CL$40,"A"))/1%,"")} | DS16: {=IFERROR(_xlfn.XLOOKUP($A16&$B16,'SEPTIEMBRE 2'!$D$11:$D$40&'SEPTIEMBRE 2'!$E$11:$E$40,'SEPTIEMBRE 2'!$AM$11:$AM$40,_xlfn.XLOOKUP($A16&$B16,'SEPTIEMBRE 2'!$BC$11:$BC$40&'SEPTIEMBRE 2'!$BD$11:$BD$40,'SEPTIEMBRE 2'!$CL$11:$CL$40,"A"))/1%,"")} | DT16: {=IFERROR(_xlfn.XLOOKUP($A16&$B16,'SEPTIEMBRE 3'!$D$11:$D$40&'SEPTIEMBRE 3'!$E$11:$E$40,'SEPTIEMBRE 3'!$AM$11:$AM$40,_xlfn.XLOOKUP($A16&$B16,'SEPTIEMBRE 3'!$BC$11:$BC$40&'SEPTIEMBRE 3'!$BD$11:$BD$40,'SEPTIEMBRE 3'!$CL$11:$CL$40,"A"))/1%,"")} | DU16: {=IFERROR(_xlfn.XLOOKUP($A16&$B16,OCTUBRE!$D$11:$D$40&OCTUBRE!$E$11:$E$40,OCTUBRE!$AM$11:$AM$40,_xlfn.XLOOKUP($A16&$B16,OCTUBRE!$BC$11:$BC$40&OCTUBRE!$BD$11:$BD$40,OCTUBRE!$CL$11:$CL$40,"A"))/1%,"")} | DV16: {=IFERROR(_xlfn.XLOOKUP($A16&$B16,'OCTUBRE 2'!$D$11:$D$40&'OCTUBRE 2'!$E$11:$E$40,'OCTUBRE 2'!$AM$11:$AM$40,_xlfn.XLOOKUP($A16&$B16,'OCTUBRE 2'!$BC$11:$BC$40&'OCTUBRE 2'!$BD$11:$BD$40,'OCTUBRE 2'!$CL$11:$CL$40,"A"))/1%,"")} | DW16: {=IFERROR(_xlfn.XLOOKUP($A16&$B16,NOVIEMBRE!$D$11:$D$40&NOVIEMBRE!$E$11:$E$40,NOVIEMBRE!$AM$11:$AM$40,_xlfn.XLOOKUP($A16&$B16,NOVIEMBRE!$BC$11:$BC$40&NOVIEMBRE!$BD$11:$BD$40,NOVIEMBRE!$CL$11:$CL$40,"A"))/1%,"")} | DX16: {=IFERROR(_xlfn.XLOOKUP($A16&$B16,'NOVIEMBRE 2'!$D$11:$D$40&'NOVIEMBRE 2'!$E$11:$E$40,'NOVIEMBRE 2'!$AM$11:$AM$40,_xlfn.XLOOKUP($A16&$B16,'NOVIEMBRE 2'!$BC$11:$BC$40&'NOVIEMBRE 2'!$BD$11:$BD$40,'NOVIEMBRE 2'!$CL$11:$CL$40,"A"))/1%,"")} | DY16: {=IFERROR(_xlfn.XLOOKUP($A16&$B16,DICIEMBRE!$D$11:$D$40&DICIEMBRE!$E$11:$E$40,DICIEMBRE!$AM$11:$AM$40,_xlfn.XLOOKUP($A16&$B16,DICIEMBRE!$BC$11:$BC$40&DICIEMBRE!$BD$11:$BD$40,DICIEMBRE!$CL$11:$CL$40,"A"))/1%,"")} | DZ16: =IFERROR(IF(COUNTIF(C16:N16,"-"),"A",ROUND(AVERAGE(C16:N16),0)),"-") -> - | EA16: =IFERROR(IF(COUNTIF(O16:Z16,"-"),"A",ROUND(AVERAGE(O16:Z16),0)),"-") -> - | EB16: =IFERROR(IF(COUNTIF(AA16:AL16,"-"),"A",ROUND(AVERAGE(AA16:AL16),0)),"-") -> - | EC16: =IFERROR(IF(COUNTIF(AM16:AX16,"-"),"A",ROUND(AVERAGE(AM16:AX16),0)),"-") -> - | ED16: =IFERROR(IF(COUNTIF(AY16:BJ16,"-"),"A",ROUND(AVERAGE(AY16:BJ16),0)),"-") -> - | EE16: =IFERROR(IF(COUNTIF(BK16:BV16,"-"),"A",ROUND(AVERAGE(BK16:BV16),0)),"-") -> - | EF16: =IFERROR(IF(COUNTIF(BW16:CH16,"-"),"A",ROUND(AVERAGE(BW16:CH16),0)),"-") -> - | EG16: =IFERROR(IF(COUNTIF(CI16:CT16,"-"),"A",ROUND(AVERAGE(CI16:CT16),0)),"-") -> - | EH16: =IFERROR(IF(COUNTIF(CU16:DF16,"-"),"A",ROUND(AVERAGE(CU16:DF16),0)),"-") -> - | EI16: =IFERROR(ROUND(AVERAGE(DZ16:EH16),0),"") | EN16: {=IFERROR(_xlfn.XLOOKUP($A16&$B16,MARZO!$D$11:$D$40&MARZO!$E$11:$E$40,MARZO!$AK$11:$AK$40,_xlfn.XLOOKUP($A16&$B16,MARZO!$BC$11:$BC$40&MARZO!$BD$11:$BD$40,MARZO!$CJ$11:$CJ$40,"A")),"")} -> 0 | EO16: {=IFERROR(_xlfn.XLOOKUP($A16&$B16,ABRIL!$D$11:$D$40&ABRIL!$E$11:$E$40,ABRIL!$AK$11:$AK$40,_xlfn.XLOOKUP($A16&$B16,ABRIL!$BC$11:$BC$40&ABRIL!$BD$11:$BD$40,ABRIL!$CJ$11:$CJ$40,"A")),"")} -> 0 | EP16: {=IFERROR(_xlfn.XLOOKUP($A16&$B16,'ABRIL 2'!$D$11:$D$40&'ABRIL 2'!$E$11:$E$40,'ABRIL 2'!$AK$11:$AK$40,_xlfn.XLOOKUP($A16&$B16,'ABRIL 2'!$BC$11:$BC$40&'ABRIL 2'!$BD$11:$BD$40,'ABRIL 2'!$CJ$11:$CJ$40,"A")),"")} -> 0 | EQ16: {=IFERROR(_xlfn.XLOOKUP($A16&$B16,MAYO!$D$11:$D$40&MAYO!$E$11:$E$40,MAYO!$AK$11:$AK$40,_xlfn.XLOOKUP($A16&$B16,MAYO!$BC$11:$BC$40&MAYO!$BD$11:$BD$40,MAYO!$CJ$11:$CJ$40,"A")),"")} -> 0 | ER16: {=IFERROR(_xlfn.XLOOKUP($A16&$B16,'MAYO 2'!$D$11:$D$40&'MAYO 2'!$E$11:$E$40,'MAYO 2'!$AK$11:$AK$40,_xlfn.XLOOKUP($A16&$B16,'MAYO 2'!$BC$11:$BC$40&'MAYO 2'!$BD$11:$BD$40,'MAYO 2'!$CJ$11:$CJ$40,"A")),"")} -> 0 | ES16: {=IFERROR(_xlfn.XLOOKUP($A16&$B16,JUNIO!$D$11:$D$40&JUNIO!$E$11:$E$40,JUNIO!$AK$11:$AK$40,_xlfn.XLOOKUP($A16&$B16,JUNIO!$BC$11:$BC$40&JUNIO!$BD$11:$BD$40,JUNIO!$CJ$11:$CJ$40,"A")),"")} -> 0 | ET16: {=IFERROR(_xlfn.XLOOKUP($A16&$B16,'JUNIO 2'!$D$11:$D$40&'JUNIO 2'!$E$11:$E$40,'JUNIO 2'!$AK$11:$AK$40,_xlfn.XLOOKUP($A16&$B16,'JUNIO 2'!$BC$11:$BC$40&'JUNIO 2'!$BD$11:$BD$40,'JUNIO 2'!$CJ$11:$CJ$40,"A")),"")} -> 0 | EU16: {=IFERROR(_xlfn.XLOOKUP($A16&$B16,JULIO!$D$11:$D$40&JULIO!$E$11:$E$40,JULIO!$AK$11:$AK$40,_xlfn.XLOOKUP($A16&$B16,JULIO!$BC$11:$BC$40&JULIO!$BD$11:$BD$40,JULIO!$CJ$11:$CJ$40,"A")),"")} -> 0 | EV16: {=IFERROR(_xlfn.XLOOKUP($A16&$B16,'JULIO 2'!$D$11:$D$40&'JULIO 2'!$E$11:$E$40,'JULIO 2'!$AK$11:$AK$40,_xlfn.XLOOKUP($A16&$B16,'JULIO 2'!$BC$11:$BC$40&'JULIO 2'!$BD$11:$BD$40,'JULIO 2'!$CJ$11:$CJ$40,"A")),"")} -> 0 | EW16: {=IFERROR(_xlfn.XLOOKUP($A16&$B16,AGOSTO!$D$11:$D$40&AGOSTO!$E$11:$E$40,AGOSTO!$AK$11:$AK$40,_xlfn.XLOOKUP($A16&$B16,AGOSTO!$BC$11:$BC$40&AGOSTO!$BD$11:$BD$40,AGOSTO!$CJ$11:$CJ$40,"A")),"")} -> 0 | EX16: {=IFERROR(_xlfn.XLOOKUP($A16&$B16,'AGOSTO 2'!$D$11:$D$40&'AGOSTO 2'!$E$11:$E$40,'AGOSTO 2'!$AK$11:$AK$40,_xlfn.XLOOKUP($A16&$B16,'AGOSTO 2'!$BC$11:$BC$40&'AGOSTO 2'!$BD$11:$BD$40,'AGOSTO 2'!$CJ$11:$CJ$40,"A")),"")} -> 0 | EY16: {=IFERROR(_xlfn.XLOOKUP($A16&$B16,SEPTIEMBRE!$D$11:$D$40&SEPTIEMBRE!$E$11:$E$40,SEPTIEMBRE!$AK$11:$AK$40,_xlfn.XLOOKUP($A16&$B16,SEPTIEMBRE!$BC$11:$BC$40&SEPTIEMBRE!$BD$11:$BD$40,SEPTIEMBRE!$CJ$11:$CJ$40,"A")),"")} -> 0 | EZ16: {=IFERROR(_xlfn.XLOOKUP($A16&$B16,'SEPTIEMBRE 2'!$D$11:$D$40&'SEPTIEMBRE 2'!$E$11:$E$40,'SEPTIEMBRE 2'!$AK$11:$AK$40,_xlfn.XLOOKUP($A16&$B16,'SEPTIEMBRE 2'!$BC$11:$BC$40&'SEPTIEMBRE 2'!$BD$11:$BD$40,'SEPTIEMBRE 2'!$CJ$11:$CJ$40,"A")),"")} -> 0 | FA16: {=IFERROR(_xlfn.XLOOKUP($A16&$B16,'SEPTIEMBRE 3'!$D$11:$D$40&'SEPTIEMBRE 3'!$E$11:$E$40,'SEPTIEMBRE 3'!$AK$11:$AK$40,_xlfn.XLOOKUP($A16&$B16,'SEPTIEMBRE 3'!$BC$11:$BC$40&'SEPTIEMBRE 3'!$BD$11:$BD$40,'SEPTIEMBRE 3'!$CJ$11:$CJ$40,"A")),"")} -> 0 | FB16: {=IFERROR(_xlfn.XLOOKUP($A16&$B16,OCTUBRE!$D$11:$D$40&OCTUBRE!$E$11:$E$40,OCTUBRE!$AK$11:$AK$40,_xlfn.XLOOKUP($A16&$B16,OCTUBRE!$BC$11:$BC$40&OCTUBRE!$BD$11:$BD$40,OCTUBRE!$CJ$11:$CJ$40,"A")),"")} -> 0 | FC16: {=IFERROR(_xlfn.XLOOKUP($A16&$B16,'OCTUBRE 2'!$D$11:$D$40&'OCTUBRE 2'!$E$11:$E$40,'OCTUBRE 2'!$AK$11:$AK$40,_xlfn.XLOOKUP($A16&$B16,'OCTUBRE 2'!$BC$11:$BC$40&'OCTUBRE 2'!$BD$11:$BD$40,'OCTUBRE 2'!$CJ$11:$CJ$40,"A")),"")} -> 0 | FD16: {=IFERROR(_xlfn.XLOOKUP($A16&$B16,NOVIEMBRE!$D$11:$D$40&NOVIEMBRE!$E$11:$E$40,NOVIEMBRE!$AK$11:$AK$40,_xlfn.XLOOKUP($A16&$B16,NOVIEMBRE!$BC$11:$BC$40&NOVIEMBRE!$BD$11:$BD$40,NOVIEMBRE!$CJ$11:$CJ$40,"A")),"")} -> 0 | FE16: {=IFERROR(_xlfn.XLOOKUP($A16&$B16,'NOVIEMBRE 2'!$D$11:$D$40&'NOVIEMBRE 2'!$E$11:$E$40,'NOVIEMBRE 2'!$AK$11:$AK$40,_xlfn.XLOOKUP($A16&$B16,'NOVIEMBRE 2'!$BC$11:$BC$40&'NOVIEMBRE 2'!$BD$11:$BD$40,'NOVIEMBRE 2'!$CJ$11:$CJ$40,"A")),"")} -> 0 | FF16: {=IFERROR(_xlfn.XLOOKUP($A16&$B16,DICIEMBRE!$D$11:$D$40&DICIEMBRE!$E$11:$E$40,DICIEMBRE!$AK$11:$AK$40,_xlfn.XLOOKUP($A16&$B16,DICIEMBRE!$BC$11:$BC$40&DICIEMBRE!$BD$11:$BD$40,DICIEMBRE!$CJ$11:$CJ$40,"A")),"")} -> 0 | FG16: =IF( AND(N16="", Z16="", AL16="", AX16="", BJ16="", BV16="", CH16="", CT16="",DF16=""), "", TEXTJOIN( " ", TRUE, IF(AND(N16<>"", N16>=40, COUNTA(C16:M16)=0), "⚠️Faltan notas del Módulo I", ""), IF(AND(Z16<>"", Z16>=40, COUNTA(O16:Y16)=0), "⚠️Faltan notas del Módulo II", ""), IF(AND(AL16<>"", AL16>=40, COUNTA(AA16:AK16)=0), "⚠️Faltan notas del Módulo III", ""), IF(AND(AX16<>"", AX16>=40, COUNTA(AM16:AW16)=0), "⚠️Faltan notas del Módulo IV", ""), IF(AND(BJ16<>"", BJ16>=40, COUNTA(AY16:BI16)=0), "⚠️Faltan notas del Módulo V", ""), IF(AND(BV16<>"", BV16>=40, COUNTA(BK16:BU16)=0), "⚠️Faltan notas del Módulo VI", ""), IF(AND(CH16<>"", CH16>=40, COUNTA(BW16:CG16)=0), "⚠️Faltan notas del Módulo VII", ""), IF(AND(CT16<>"", CT16>=40, COUNTA(CI16:CS16)=0), "⚠️Faltan notas del Módulo VIII", ""), IF(AND(DF16<>"", DF16>=40, COUNTA(CU16:DE16)=0), "⚠️Faltan notas del Módulo IX", "") ) ) | FH16: {=IF( COUNT(DZ16:EH16)=0, "-", IF( COUNT(DZ16:EH16) < COUNTA(DZ16:EH16), REPT("🟩", ROUND(COUNT(DZ16:EH16)/COUNTA(DZ16:EH16)*5, 0)) & REPT("⬜", 5 - ROUND(COUNT(DZ16:EH16)/COUNTA(DZ16:EH16)*5, 0)), IF( AVERAGE(IF(DZ16:EH16<>"", DZ16:EH16, )) >= 70, "🟩🟩🟩🟩🟩", IF( AVERAGE(IF(DZ16:EH16<>"",DZ16:EH16, )) >= 56, "🟨🟨🟨🟨🟨", "🟥🟥🟥🟥🟥" ) ) ) )} -> -
N17: =IFERROR(SUM(DT17:DU17)/SUM($DT$7:$DU$7)*100,"") | Z17: =IFERROR(SUM(EB17:EC17)/SUM($EB$7:$EC$7)*100,"") | AL17: =IFERROR(SUM(EK17:EL17)/SUM($EK$7:$EL$7)*100,"") | AX17: =IFERROR(SUM(EW17:EY17)/SUM($EW$7:$EY$7)*100,"") | BJ17: =IFERROR(SUM(EZ17)/SUM($EZ$7)*100,"") | BV17: =IFERROR(SUM(FA17:FB17)/SUM($FA$7:$FB$7)*100,"") | CH17: =IFERROR(SUM(FC17:FD17)/SUM($FC$7:$FD$7)*100,"") | CT17: =IFERROR(SUM(FE17:FF17)/SUM($FE$7:$FF$7)*100,"") | DG17: {=IFERROR(_xlfn.XLOOKUP($A17&B17,MARZO!$D$11:$D$40&MARZO!$E$11:$E$40,MARZO!$AM$11:$AM$40,_xlfn.XLOOKUP($A17&$B17,MARZO!$BC$11:$BC$40&MARZO!$BD$11:$BD$40,MARZO!$CL$11:$CL$40,"A"))/1%,"")} | DH17: {=IFERROR(_xlfn.XLOOKUP($A17&$B17,ABRIL!$D$11:$D$40&ABRIL!$E$11:$E$40,ABRIL!$AM$11:$AM$40,_xlfn.XLOOKUP($A17&$B17,ABRIL!$BC$11:$BC$40&ABRIL!$BD$11:$BD$40,ABRIL!$CL$11:$CL$40,"A"))/1%,"")} | DI17: {=IFERROR(_xlfn.XLOOKUP($A17&$B17,'ABRIL 2'!$D$11:$D$40&'ABRIL 2'!$E$11:$E$40,'ABRIL 2'!$AM$11:$AM$40,_xlfn.XLOOKUP($A17&$B17,'ABRIL 2'!$BC$11:$BC$40&'ABRIL 2'!$BD$11:$BD$40,'ABRIL 2'!$CL$11:$CL$40,"A"))/1%,"")} | DJ17: {=IFERROR(_xlfn.XLOOKUP($A17&$B17,MAYO!$D$11:$D$40&MAYO!$E$11:$E$40,MAYO!$AM$11:$AM$40,_xlfn.XLOOKUP($A17&$B17,MAYO!$BC$11:$BC$40&MAYO!$BD$11:$BD$40,MAYO!$CL$11:$CL$40,"A"))/1%,"")} | DK17: {=IFERROR(_xlfn.XLOOKUP($A17&$B17,'MAYO 2'!$D$11:$D$40&'MAYO 2'!$E$11:$E$40,'MAYO 2'!$AM$11:$AM$40,_xlfn.XLOOKUP($A17&$B17,'MAYO 2'!$BC$11:$BC$40&'MAYO 2'!$BD$11:$BD$40,'MAYO 2'!$CL$11:$CL$40,"A"))/1%,"")} | DL17: {=IFERROR(_xlfn.XLOOKUP($A17&$B17,JUNIO!$D$11:$D$40&JUNIO!$E$11:$E$40,JUNIO!$AM$11:$AM$40,_xlfn.XLOOKUP($A17&$B17,JUNIO!$BC$11:$BC$40&JUNIO!$BD$11:$BD$40,JUNIO!$CL$11:$CL$40,"A"))/1%,"")} | DM17: {=IFERROR(_xlfn.XLOOKUP($A17&$B17,'JUNIO 2'!$D$11:$D$40&'JUNIO 2'!$E$11:$E$40,'JUNIO 2'!$AM$11:$AM$40,_xlfn.XLOOKUP($A17&$B17,'JUNIO 2'!$BC$11:$BC$40&'JUNIO 2'!$BD$11:$BD$40,'JUNIO 2'!$CL$11:$CL$40,"A"))/1%,"")} | DN17: {=IFERROR(_xlfn.XLOOKUP($A17&$B17,JULIO!$D$11:$D$40&JULIO!$E$11:$E$40,JULIO!$AM$11:$AM$40,_xlfn.XLOOKUP($A17&$B17,JULIO!$BC$11:$BC$40&JULIO!$BD$11:$BD$40,JULIO!$CL$11:$CL$40,"A"))/1%,"")} | DO17: {=IFERROR(_xlfn.XLOOKUP($A17&$B17,'JULIO 2'!$D$11:$D$40&'JULIO 2'!$E$11:$E$40,'JULIO 2'!$AM$11:$AM$40,_xlfn.XLOOKUP($A17&$B17,'JULIO 2'!$BC$11:$BC$40&'JULIO 2'!$BD$11:$BD$40,'JULIO 2'!$CL$11:$CL$40,"A"))/1%,"")} | DP17: {=IFERROR(_xlfn.XLOOKUP($A17&$B17,AGOSTO!$D$11:$D$40&AGOSTO!$E$11:$E$40,AGOSTO!$AM$11:$AM$40,_xlfn.XLOOKUP($A17&$B17,AGOSTO!$BC$11:$BC$40&AGOSTO!$BD$11:$BD$40,AGOSTO!$CL$11:$CL$40,"A"))/1%,"")} | DQ17: {=IFERROR(_xlfn.XLOOKUP($A17&$B17,'AGOSTO 2'!$D$11:$D$40&'AGOSTO 2'!$E$11:$E$40,'AGOSTO 2'!$AM$11:$AM$40,_xlfn.XLOOKUP($A17&$B17,'AGOSTO 2'!$BC$11:$BC$40&'AGOSTO 2'!$BD$11:$BD$40,'AGOSTO 2'!$CL$11:$CL$40,"A"))/1%,"")} | DR17: {=IFERROR(_xlfn.XLOOKUP($A17&$B17,SEPTIEMBRE!$D$11:$D$40&SEPTIEMBRE!$E$11:$E$40,SEPTIEMBRE!$AM$11:$AM$40,_xlfn.XLOOKUP($A17&$B17,SEPTIEMBRE!$BC$11:$BC$40&SEPTIEMBRE!$BD$11:$BD$40,SEPTIEMBRE!$CL$11:$CL$40,"A"))/1%,"")} | DS17: {=IFERROR(_xlfn.XLOOKUP($A17&$B17,'SEPTIEMBRE 2'!$D$11:$D$40&'SEPTIEMBRE 2'!$E$11:$E$40,'SEPTIEMBRE 2'!$AM$11:$AM$40,_xlfn.XLOOKUP($A17&$B17,'SEPTIEMBRE 2'!$BC$11:$BC$40&'SEPTIEMBRE 2'!$BD$11:$BD$40,'SEPTIEMBRE 2'!$CL$11:$CL$40,"A"))/1%,"")} | DT17: {=IFERROR(_xlfn.XLOOKUP($A17&$B17,'SEPTIEMBRE 3'!$D$11:$D$40&'SEPTIEMBRE 3'!$E$11:$E$40,'SEPTIEMBRE 3'!$AM$11:$AM$40,_xlfn.XLOOKUP($A17&$B17,'SEPTIEMBRE 3'!$BC$11:$BC$40&'SEPTIEMBRE 3'!$BD$11:$BD$40,'SEPTIEMBRE 3'!$CL$11:$CL$40,"A"))/1%,"")} | DU17: {=IFERROR(_xlfn.XLOOKUP($A17&$B17,OCTUBRE!$D$11:$D$40&OCTUBRE!$E$11:$E$40,OCTUBRE!$AM$11:$AM$40,_xlfn.XLOOKUP($A17&$B17,OCTUBRE!$BC$11:$BC$40&OCTUBRE!$BD$11:$BD$40,OCTUBRE!$CL$11:$CL$40,"A"))/1%,"")} | DV17: {=IFERROR(_xlfn.XLOOKUP($A17&$B17,'OCTUBRE 2'!$D$11:$D$40&'OCTUBRE 2'!$E$11:$E$40,'OCTUBRE 2'!$AM$11:$AM$40,_xlfn.XLOOKUP($A17&$B17,'OCTUBRE 2'!$BC$11:$BC$40&'OCTUBRE 2'!$BD$11:$BD$40,'OCTUBRE 2'!$CL$11:$CL$40,"A"))/1%,"")} | DW17: {=IFERROR(_xlfn.XLOOKUP($A17&$B17,NOVIEMBRE!$D$11:$D$40&NOVIEMBRE!$E$11:$E$40,NOVIEMBRE!$AM$11:$AM$40,_xlfn.XLOOKUP($A17&$B17,NOVIEMBRE!$BC$11:$BC$40&NOVIEMBRE!$BD$11:$BD$40,NOVIEMBRE!$CL$11:$CL$40,"A"))/1%,"")} | DX17: {=IFERROR(_xlfn.XLOOKUP($A17&$B17,'NOVIEMBRE 2'!$D$11:$D$40&'NOVIEMBRE 2'!$E$11:$E$40,'NOVIEMBRE 2'!$AM$11:$AM$40,_xlfn.XLOOKUP($A17&$B17,'NOVIEMBRE 2'!$BC$11:$BC$40&'NOVIEMBRE 2'!$BD$11:$BD$40,'NOVIEMBRE 2'!$CL$11:$CL$40,"A"))/1%,"")} | DY17: {=IFERROR(_xlfn.XLOOKUP($A17&$B17,DICIEMBRE!$D$11:$D$40&DICIEMBRE!$E$11:$E$40,DICIEMBRE!$AM$11:$AM$40,_xlfn.XLOOKUP($A17&$B17,DICIEMBRE!$BC$11:$BC$40&DICIEMBRE!$BD$11:$BD$40,DICIEMBRE!$CL$11:$CL$40,"A"))/1%,"")} | DZ17: =IFERROR(IF(COUNTIF(C17:N17,"-"),"A",ROUND(AVERAGE(C17:N17),0)),"-") -> - | EA17: =IFERROR(IF(COUNTIF(O17:Z17,"-"),"A",ROUND(AVERAGE(O17:Z17),0)),"-") -> - | EB17: =IFERROR(IF(COUNTIF(AA17:AL17,"-"),"A",ROUND(AVERAGE(AA17:AL17),0)),"-") -> - | EC17: =IFERROR(IF(COUNTIF(AM17:AX17,"-"),"A",ROUND(AVERAGE(AM17:AX17),0)),"-") -> - | ED17: =IFERROR(IF(COUNTIF(AY17:BJ17,"-"),"A",ROUND(AVERAGE(AY17:BJ17),0)),"-") -> - | EE17: =IFERROR(IF(COUNTIF(BK17:BV17,"-"),"A",ROUND(AVERAGE(BK17:BV17),0)),"-") -> - | EF17: =IFERROR(IF(COUNTIF(BW17:CH17,"-"),"A",ROUND(AVERAGE(BW17:CH17),0)),"-") -> - | EG17: =IFERROR(IF(COUNTIF(CI17:CT17,"-"),"A",ROUND(AVERAGE(CI17:CT17),0)),"-") -> - | EH17: =IFERROR(IF(COUNTIF(CU17:DF17,"-"),"A",ROUND(AVERAGE(CU17:DF17),0)),"-") -> - | EI17: =IFERROR(ROUND(AVERAGE(DZ17:EH17),0),"") | EN17: {=IFERROR(_xlfn.XLOOKUP($A17&$B17,MARZO!$D$11:$D$40&MARZO!$E$11:$E$40,MARZO!$AK$11:$AK$40,_xlfn.XLOOKUP($A17&$B17,MARZO!$BC$11:$BC$40&MARZO!$BD$11:$BD$40,MARZO!$CJ$11:$CJ$40,"A")),"")} -> 0 | EO17: {=IFERROR(_xlfn.XLOOKUP($A17&$B17,ABRIL!$D$11:$D$40&ABRIL!$E$11:$E$40,ABRIL!$AK$11:$AK$40,_xlfn.XLOOKUP($A17&$B17,ABRIL!$BC$11:$BC$40&ABRIL!$BD$11:$BD$40,ABRIL!$CJ$11:$CJ$40,"A")),"")} -> 0 | EP17: {=IFERROR(_xlfn.XLOOKUP($A17&$B17,'ABRIL 2'!$D$11:$D$40&'ABRIL 2'!$E$11:$E$40,'ABRIL 2'!$AK$11:$AK$40,_xlfn.XLOOKUP($A17&$B17,'ABRIL 2'!$BC$11:$BC$40&'ABRIL 2'!$BD$11:$BD$40,'ABRIL 2'!$CJ$11:$CJ$40,"A")),"")} -> 0 | EQ17: {=IFERROR(_xlfn.XLOOKUP($A17&$B17,MAYO!$D$11:$D$40&MAYO!$E$11:$E$40,MAYO!$AK$11:$AK$40,_xlfn.XLOOKUP($A17&$B17,MAYO!$BC$11:$BC$40&MAYO!$BD$11:$BD$40,MAYO!$CJ$11:$CJ$40,"A")),"")} -> 0 | ER17: {=IFERROR(_xlfn.XLOOKUP($A17&$B17,'MAYO 2'!$D$11:$D$40&'MAYO 2'!$E$11:$E$40,'MAYO 2'!$AK$11:$AK$40,_xlfn.XLOOKUP($A17&$B17,'MAYO 2'!$BC$11:$BC$40&'MAYO 2'!$BD$11:$BD$40,'MAYO 2'!$CJ$11:$CJ$40,"A")),"")} -> 0 | ES17: {=IFERROR(_xlfn.XLOOKUP($A17&$B17,JUNIO!$D$11:$D$40&JUNIO!$E$11:$E$40,JUNIO!$AK$11:$AK$40,_xlfn.XLOOKUP($A17&$B17,JUNIO!$BC$11:$BC$40&JUNIO!$BD$11:$BD$40,JUNIO!$CJ$11:$CJ$40,"A")),"")} -> 0 | ET17: {=IFERROR(_xlfn.XLOOKUP($A17&$B17,'JUNIO 2'!$D$11:$D$40&'JUNIO 2'!$E$11:$E$40,'JUNIO 2'!$AK$11:$AK$40,_xlfn.XLOOKUP($A17&$B17,'JUNIO 2'!$BC$11:$BC$40&'JUNIO 2'!$BD$11:$BD$40,'JUNIO 2'!$CJ$11:$CJ$40,"A")),"")} -> 0 | EU17: {=IFERROR(_xlfn.XLOOKUP($A17&$B17,JULIO!$D$11:$D$40&JULIO!$E$11:$E$40,JULIO!$AK$11:$AK$40,_xlfn.XLOOKUP($A17&$B17,JULIO!$BC$11:$BC$40&JULIO!$BD$11:$BD$40,JULIO!$CJ$11:$CJ$40,"A")),"")} -> 0 | EV17: {=IFERROR(_xlfn.XLOOKUP($A17&$B17,'JULIO 2'!$D$11:$D$40&'JULIO 2'!$E$11:$E$40,'JULIO 2'!$AK$11:$AK$40,_xlfn.XLOOKUP($A17&$B17,'JULIO 2'!$BC$11:$BC$40&'JULIO 2'!$BD$11:$BD$40,'JULIO 2'!$CJ$11:$CJ$40,"A")),"")} -> 0 | EW17: {=IFERROR(_xlfn.XLOOKUP($A17&$B17,AGOSTO!$D$11:$D$40&AGOSTO!$E$11:$E$40,AGOSTO!$AK$11:$AK$40,_xlfn.XLOOKUP($A17&$B17,AGOSTO!$BC$11:$BC$40&AGOSTO!$BD$11:$BD$40,AGOSTO!$CJ$11:$CJ$40,"A")),"")} -> 0 | EX17: {=IFERROR(_xlfn.XLOOKUP($A17&$B17,'AGOSTO 2'!$D$11:$D$40&'AGOSTO 2'!$E$11:$E$40,'AGOSTO 2'!$AK$11:$AK$40,_xlfn.XLOOKUP($A17&$B17,'AGOSTO 2'!$BC$11:$BC$40&'AGOSTO 2'!$BD$11:$BD$40,'AGOSTO 2'!$CJ$11:$CJ$40,"A")),"")} -> 0 | EY17: {=IFERROR(_xlfn.XLOOKUP($A17&$B17,SEPTIEMBRE!$D$11:$D$40&SEPTIEMBRE!$E$11:$E$40,SEPTIEMBRE!$AK$11:$AK$40,_xlfn.XLOOKUP($A17&$B17,SEPTIEMBRE!$BC$11:$BC$40&SEPTIEMBRE!$BD$11:$BD$40,SEPTIEMBRE!$CJ$11:$CJ$40,"A")),"")} -> 0 | EZ17: {=IFERROR(_xlfn.XLOOKUP($A17&$B17,'SEPTIEMBRE 2'!$D$11:$D$40&'SEPTIEMBRE 2'!$E$11:$E$40,'SEPTIEMBRE 2'!$AK$11:$AK$40,_xlfn.XLOOKUP($A17&$B17,'SEPTIEMBRE 2'!$BC$11:$BC$40&'SEPTIEMBRE 2'!$BD$11:$BD$40,'SEPTIEMBRE 2'!$CJ$11:$CJ$40,"A")),"")} -> 0 | FA17: {=IFERROR(_xlfn.XLOOKUP($A17&$B17,'SEPTIEMBRE 3'!$D$11:$D$40&'SEPTIEMBRE 3'!$E$11:$E$40,'SEPTIEMBRE 3'!$AK$11:$AK$40,_xlfn.XLOOKUP($A17&$B17,'SEPTIEMBRE 3'!$BC$11:$BC$40&'SEPTIEMBRE 3'!$BD$11:$BD$40,'SEPTIEMBRE 3'!$CJ$11:$CJ$40,"A")),"")} -> 0 | FB17: {=IFERROR(_xlfn.XLOOKUP($A17&$B17,OCTUBRE!$D$11:$D$40&OCTUBRE!$E$11:$E$40,OCTUBRE!$AK$11:$AK$40,_xlfn.XLOOKUP($A17&$B17,OCTUBRE!$BC$11:$BC$40&OCTUBRE!$BD$11:$BD$40,OCTUBRE!$CJ$11:$CJ$40,"A")),"")} -> 0 | FC17: {=IFERROR(_xlfn.XLOOKUP($A17&$B17,'OCTUBRE 2'!$D$11:$D$40&'OCTUBRE 2'!$E$11:$E$40,'OCTUBRE 2'!$AK$11:$AK$40,_xlfn.XLOOKUP($A17&$B17,'OCTUBRE 2'!$BC$11:$BC$40&'OCTUBRE 2'!$BD$11:$BD$40,'OCTUBRE 2'!$CJ$11:$CJ$40,"A")),"")} -> 0 | FD17: {=IFERROR(_xlfn.XLOOKUP($A17&$B17,NOVIEMBRE!$D$11:$D$40&NOVIEMBRE!$E$11:$E$40,NOVIEMBRE!$AK$11:$AK$40,_xlfn.XLOOKUP($A17&$B17,NOVIEMBRE!$BC$11:$BC$40&NOVIEMBRE!$BD$11:$BD$40,NOVIEMBRE!$CJ$11:$CJ$40,"A")),"")} -> 0 | FE17: {=IFERROR(_xlfn.XLOOKUP($A17&$B17,'NOVIEMBRE 2'!$D$11:$D$40&'NOVIEMBRE 2'!$E$11:$E$40,'NOVIEMBRE 2'!$AK$11:$AK$40,_xlfn.XLOOKUP($A17&$B17,'NOVIEMBRE 2'!$BC$11:$BC$40&'NOVIEMBRE 2'!$BD$11:$BD$40,'NOVIEMBRE 2'!$CJ$11:$CJ$40,"A")),"")} -> 0 | FF17: {=IFERROR(_xlfn.XLOOKUP($A17&$B17,DICIEMBRE!$D$11:$D$40&DICIEMBRE!$E$11:$E$40,DICIEMBRE!$AK$11:$AK$40,_xlfn.XLOOKUP($A17&$B17,DICIEMBRE!$BC$11:$BC$40&DICIEMBRE!$BD$11:$BD$40,DICIEMBRE!$CJ$11:$CJ$40,"A")),"")} -> 0 | FG17: =IF( AND(N17="", Z17="", AL17="", AX17="", BJ17="", BV17="", CH17="", CT17="",DF17=""), "", TEXTJOIN( " ", TRUE, IF(AND(N17<>"", N17>=40, COUNTA(C17:M17)=0), "⚠️Faltan notas del Módulo I", ""), IF(AND(Z17<>"", Z17>=40, COUNTA(O17:Y17)=0), "⚠️Faltan notas del Módulo II", ""), IF(AND(AL17<>"", AL17>=40, COUNTA(AA17:AK17)=0), "⚠️Faltan notas del Módulo III", ""), IF(AND(AX17<>"", AX17>=40, COUNTA(AM17:AW17)=0), "⚠️Faltan notas del Módulo IV", ""), IF(AND(BJ17<>"", BJ17>=40, COUNTA(AY17:BI17)=0), "⚠️Faltan notas del Módulo V", ""), IF(AND(BV17<>"", BV17>=40, COUNTA(BK17:BU17)=0), "⚠️Faltan notas del Módulo VI", ""), IF(AND(CH17<>"", CH17>=40, COUNTA(BW17:CG17)=0), "⚠️Faltan notas del Módulo VII", ""), IF(AND(CT17<>"", CT17>=40, COUNTA(CI17:CS17)=0), "⚠️Faltan notas del Módulo VIII", ""), IF(AND(DF17<>"", DF17>=40, COUNTA(CU17:DE17)=0), "⚠️Faltan notas del Módulo IX", "") ) ) | FH17: {=IF( COUNT(DZ17:EH17)=0, "-", IF( COUNT(DZ17:EH17) < COUNTA(DZ17:EH17), REPT("🟩", ROUND(COUNT(DZ17:EH17)/COUNTA(DZ17:EH17)*5, 0)) & REPT("⬜", 5 - ROUND(COUNT(DZ17:EH17)/COUNTA(DZ17:EH17)*5, 0)), IF( AVERAGE(IF(DZ17:EH17<>"", DZ17:EH17, )) >= 70, "🟩🟩🟩🟩🟩", IF( AVERAGE(IF(DZ17:EH17<>"",DZ17:EH17, )) >= 56, "🟨🟨🟨🟨🟨", "🟥🟥🟥🟥🟥" ) ) ) )} -> -
N18: =IFERROR(SUM(DT18:DU18)/SUM($DT$7:$DU$7)*100,"") | Z18: =IFERROR(SUM(EB18:EC18)/SUM($EB$7:$EC$7)*100,"") | AL18: =IFERROR(SUM(EK18:EL18)/SUM($EK$7:$EL$7)*100,"") | AX18: =IFERROR(SUM(EW18:EY18)/SUM($EW$7:$EY$7)*100,"") | BJ18: =IFERROR(SUM(EZ18)/SUM($EZ$7)*100,"") | BV18: =IFERROR(SUM(FA18:FB18)/SUM($FA$7:$FB$7)*100,"") | CH18: =IFERROR(SUM(FC18:FD18)/SUM($FC$7:$FD$7)*100,"") | CT18: =IFERROR(SUM(FE18:FF18)/SUM($FE$7:$FF$7)*100,"") | DG18: {=IFERROR(_xlfn.XLOOKUP($A18&B18,MARZO!$D$11:$D$40&MARZO!$E$11:$E$40,MARZO!$AM$11:$AM$40,_xlfn.XLOOKUP($A18&$B18,MARZO!$BC$11:$BC$40&MARZO!$BD$11:$BD$40,MARZO!$CL$11:$CL$40,"A"))/1%,"")} | DH18: {=IFERROR(_xlfn.XLOOKUP($A18&$B18,ABRIL!$D$11:$D$40&ABRIL!$E$11:$E$40,ABRIL!$AM$11:$AM$40,_xlfn.XLOOKUP($A18&$B18,ABRIL!$BC$11:$BC$40&ABRIL!$BD$11:$BD$40,ABRIL!$CL$11:$CL$40,"A"))/1%,"")} | DI18: {=IFERROR(_xlfn.XLOOKUP($A18&$B18,'ABRIL 2'!$D$11:$D$40&'ABRIL 2'!$E$11:$E$40,'ABRIL 2'!$AM$11:$AM$40,_xlfn.XLOOKUP($A18&$B18,'ABRIL 2'!$BC$11:$BC$40&'ABRIL 2'!$BD$11:$BD$40,'ABRIL 2'!$CL$11:$CL$40,"A"))/1%,"")} | DJ18: {=IFERROR(_xlfn.XLOOKUP($A18&$B18,MAYO!$D$11:$D$40&MAYO!$E$11:$E$40,MAYO!$AM$11:$AM$40,_xlfn.XLOOKUP($A18&$B18,MAYO!$BC$11:$BC$40&MAYO!$BD$11:$BD$40,MAYO!$CL$11:$CL$40,"A"))/1%,"")} | DK18: {=IFERROR(_xlfn.XLOOKUP($A18&$B18,'MAYO 2'!$D$11:$D$40&'MAYO 2'!$E$11:$E$40,'MAYO 2'!$AM$11:$AM$40,_xlfn.XLOOKUP($A18&$B18,'MAYO 2'!$BC$11:$BC$40&'MAYO 2'!$BD$11:$BD$40,'MAYO 2'!$CL$11:$CL$40,"A"))/1%,"")} | DL18: {=IFERROR(_xlfn.XLOOKUP($A18&$B18,JUNIO!$D$11:$D$40&JUNIO!$E$11:$E$40,JUNIO!$AM$11:$AM$40,_xlfn.XLOOKUP($A18&$B18,JUNIO!$BC$11:$BC$40&JUNIO!$BD$11:$BD$40,JUNIO!$CL$11:$CL$40,"A"))/1%,"")} | DM18: {=IFERROR(_xlfn.XLOOKUP($A18&$B18,'JUNIO 2'!$D$11:$D$40&'JUNIO 2'!$E$11:$E$40,'JUNIO 2'!$AM$11:$AM$40,_xlfn.XLOOKUP($A18&$B18,'JUNIO 2'!$BC$11:$BC$40&'JUNIO 2'!$BD$11:$BD$40,'JUNIO 2'!$CL$11:$CL$40,"A"))/1%,"")} | DN18: {=IFERROR(_xlfn.XLOOKUP($A18&$B18,JULIO!$D$11:$D$40&JULIO!$E$11:$E$40,JULIO!$AM$11:$AM$40,_xlfn.XLOOKUP($A18&$B18,JULIO!$BC$11:$BC$40&JULIO!$BD$11:$BD$40,JULIO!$CL$11:$CL$40,"A"))/1%,"")} | DO18: {=IFERROR(_xlfn.XLOOKUP($A18&$B18,'JULIO 2'!$D$11:$D$40&'JULIO 2'!$E$11:$E$40,'JULIO 2'!$AM$11:$AM$40,_xlfn.XLOOKUP($A18&$B18,'JULIO 2'!$BC$11:$BC$40&'JULIO 2'!$BD$11:$BD$40,'JULIO 2'!$CL$11:$CL$40,"A"))/1%,"")} | DP18: {=IFERROR(_xlfn.XLOOKUP($A18&$B18,AGOSTO!$D$11:$D$40&AGOSTO!$E$11:$E$40,AGOSTO!$AM$11:$AM$40,_xlfn.XLOOKUP($A18&$B18,AGOSTO!$BC$11:$BC$40&AGOSTO!$BD$11:$BD$40,AGOSTO!$CL$11:$CL$40,"A"))/1%,"")} | DQ18: {=IFERROR(_xlfn.XLOOKUP($A18&$B18,'AGOSTO 2'!$D$11:$D$40&'AGOSTO 2'!$E$11:$E$40,'AGOSTO 2'!$AM$11:$AM$40,_xlfn.XLOOKUP($A18&$B18,'AGOSTO 2'!$BC$11:$BC$40&'AGOSTO 2'!$BD$11:$BD$40,'AGOSTO 2'!$CL$11:$CL$40,"A"))/1%,"")} | DR18: {=IFERROR(_xlfn.XLOOKUP($A18&$B18,SEPTIEMBRE!$D$11:$D$40&SEPTIEMBRE!$E$11:$E$40,SEPTIEMBRE!$AM$11:$AM$40,_xlfn.XLOOKUP($A18&$B18,SEPTIEMBRE!$BC$11:$BC$40&SEPTIEMBRE!$BD$11:$BD$40,SEPTIEMBRE!$CL$11:$CL$40,"A"))/1%,"")} | DS18: {=IFERROR(_xlfn.XLOOKUP($A18&$B18,'SEPTIEMBRE 2'!$D$11:$D$40&'SEPTIEMBRE 2'!$E$11:$E$40,'SEPTIEMBRE 2'!$AM$11:$AM$40,_xlfn.XLOOKUP($A18&$B18,'SEPTIEMBRE 2'!$BC$11:$BC$40&'SEPTIEMBRE 2'!$BD$11:$BD$40,'SEPTIEMBRE 2'!$CL$11:$CL$40,"A"))/1%,"")} | DT18: {=IFERROR(_xlfn.XLOOKUP($A18&$B18,'SEPTIEMBRE 3'!$D$11:$D$40&'SEPTIEMBRE 3'!$E$11:$E$40,'SEPTIEMBRE 3'!$AM$11:$AM$40,_xlfn.XLOOKUP($A18&$B18,'SEPTIEMBRE 3'!$BC$11:$BC$40&'SEPTIEMBRE 3'!$BD$11:$BD$40,'SEPTIEMBRE 3'!$CL$11:$CL$40,"A"))/1%,"")} | DU18: {=IFERROR(_xlfn.XLOOKUP($A18&$B18,OCTUBRE!$D$11:$D$40&OCTUBRE!$E$11:$E$40,OCTUBRE!$AM$11:$AM$40,_xlfn.XLOOKUP($A18&$B18,OCTUBRE!$BC$11:$BC$40&OCTUBRE!$BD$11:$BD$40,OCTUBRE!$CL$11:$CL$40,"A"))/1%,"")} | DV18: {=IFERROR(_xlfn.XLOOKUP($A18&$B18,'OCTUBRE 2'!$D$11:$D$40&'OCTUBRE 2'!$E$11:$E$40,'OCTUBRE 2'!$AM$11:$AM$40,_xlfn.XLOOKUP($A18&$B18,'OCTUBRE 2'!$BC$11:$BC$40&'OCTUBRE 2'!$BD$11:$BD$40,'OCTUBRE 2'!$CL$11:$CL$40,"A"))/1%,"")} | DW18: {=IFERROR(_xlfn.XLOOKUP($A18&$B18,NOVIEMBRE!$D$11:$D$40&NOVIEMBRE!$E$11:$E$40,NOVIEMBRE!$AM$11:$AM$40,_xlfn.XLOOKUP($A18&$B18,NOVIEMBRE!$BC$11:$BC$40&NOVIEMBRE!$BD$11:$BD$40,NOVIEMBRE!$CL$11:$CL$40,"A"))/1%,"")} | DX18: {=IFERROR(_xlfn.XLOOKUP($A18&$B18,'NOVIEMBRE 2'!$D$11:$D$40&'NOVIEMBRE 2'!$E$11:$E$40,'NOVIEMBRE 2'!$AM$11:$AM$40,_xlfn.XLOOKUP($A18&$B18,'NOVIEMBRE 2'!$BC$11:$BC$40&'NOVIEMBRE 2'!$BD$11:$BD$40,'NOVIEMBRE 2'!$CL$11:$CL$40,"A"))/1%,"")} | DY18: {=IFERROR(_xlfn.XLOOKUP($A18&$B18,DICIEMBRE!$D$11:$D$40&DICIEMBRE!$E$11:$E$40,DICIEMBRE!$AM$11:$AM$40,_xlfn.XLOOKUP($A18&$B18,DICIEMBRE!$BC$11:$BC$40&DICIEMBRE!$BD$11:$BD$40,DICIEMBRE!$CL$11:$CL$40,"A"))/1%,"")} | DZ18: =IFERROR(IF(COUNTIF(C18:N18,"-"),"A",ROUND(AVERAGE(C18:N18),0)),"-") -> - | EA18: =IFERROR(IF(COUNTIF(O18:Z18,"-"),"A",ROUND(AVERAGE(O18:Z18),0)),"-") -> - | EB18: =IFERROR(IF(COUNTIF(AA18:AL18,"-"),"A",ROUND(AVERAGE(AA18:AL18),0)),"-") -> - | EC18: =IFERROR(IF(COUNTIF(AM18:AX18,"-"),"A",ROUND(AVERAGE(AM18:AX18),0)),"-") -> - | ED18: =IFERROR(IF(COUNTIF(AY18:BJ18,"-"),"A",ROUND(AVERAGE(AY18:BJ18),0)),"-") -> - | EE18: =IFERROR(IF(COUNTIF(BK18:BV18,"-"),"A",ROUND(AVERAGE(BK18:BV18),0)),"-") -> - | EF18: =IFERROR(IF(COUNTIF(BW18:CH18,"-"),"A",ROUND(AVERAGE(BW18:CH18),0)),"-") -> - | EG18: =IFERROR(IF(COUNTIF(CI18:CT18,"-"),"A",ROUND(AVERAGE(CI18:CT18),0)),"-") -> - | EH18: =IFERROR(IF(COUNTIF(CU18:DF18,"-"),"A",ROUND(AVERAGE(CU18:DF18),0)),"-") -> - | EI18: =IFERROR(ROUND(AVERAGE(DZ18:EH18),0),"") | EN18: {=IFERROR(_xlfn.XLOOKUP($A18&$B18,MARZO!$D$11:$D$40&MARZO!$E$11:$E$40,MARZO!$AK$11:$AK$40,_xlfn.XLOOKUP($A18&$B18,MARZO!$BC$11:$BC$40&MARZO!$BD$11:$BD$40,MARZO!$CJ$11:$CJ$40,"A")),"")} -> 0 | EO18: {=IFERROR(_xlfn.XLOOKUP($A18&$B18,ABRIL!$D$11:$D$40&ABRIL!$E$11:$E$40,ABRIL!$AK$11:$AK$40,_xlfn.XLOOKUP($A18&$B18,ABRIL!$BC$11:$BC$40&ABRIL!$BD$11:$BD$40,ABRIL!$CJ$11:$CJ$40,"A")),"")} -> 0 | EP18: {=IFERROR(_xlfn.XLOOKUP($A18&$B18,'ABRIL 2'!$D$11:$D$40&'ABRIL 2'!$E$11:$E$40,'ABRIL 2'!$AK$11:$AK$40,_xlfn.XLOOKUP($A18&$B18,'ABRIL 2'!$BC$11:$BC$40&'ABRIL 2'!$BD$11:$BD$40,'ABRIL 2'!$CJ$11:$CJ$40,"A")),"")} -> 0 | EQ18: {=IFERROR(_xlfn.XLOOKUP($A18&$B18,MAYO!$D$11:$D$40&MAYO!$E$11:$E$40,MAYO!$AK$11:$AK$40,_xlfn.XLOOKUP($A18&$B18,MAYO!$BC$11:$BC$40&MAYO!$BD$11:$BD$40,MAYO!$CJ$11:$CJ$40,"A")),"")} -> 0 | ER18: {=IFERROR(_xlfn.XLOOKUP($A18&$B18,'MAYO 2'!$D$11:$D$40&'MAYO 2'!$E$11:$E$40,'MAYO 2'!$AK$11:$AK$40,_xlfn.XLOOKUP($A18&$B18,'MAYO 2'!$BC$11:$BC$40&'MAYO 2'!$BD$11:$BD$40,'MAYO 2'!$CJ$11:$CJ$40,"A")),"")} -> 0 | ES18: {=IFERROR(_xlfn.XLOOKUP($A18&$B18,JUNIO!$D$11:$D$40&JUNIO!$E$11:$E$40,JUNIO!$AK$11:$AK$40,_xlfn.XLOOKUP($A18&$B18,JUNIO!$BC$11:$BC$40&JUNIO!$BD$11:$BD$40,JUNIO!$CJ$11:$CJ$40,"A")),"")} -> 0 | ET18: {=IFERROR(_xlfn.XLOOKUP($A18&$B18,'JUNIO 2'!$D$11:$D$40&'JUNIO 2'!$E$11:$E$40,'JUNIO 2'!$AK$11:$AK$40,_xlfn.XLOOKUP($A18&$B18,'JUNIO 2'!$BC$11:$BC$40&'JUNIO 2'!$BD$11:$BD$40,'JUNIO 2'!$CJ$11:$CJ$40,"A")),"")} -> 0 | EU18: {=IFERROR(_xlfn.XLOOKUP($A18&$B18,JULIO!$D$11:$D$40&JULIO!$E$11:$E$40,JULIO!$AK$11:$AK$40,_xlfn.XLOOKUP($A18&$B18,JULIO!$BC$11:$BC$40&JULIO!$BD$11:$BD$40,JULIO!$CJ$11:$CJ$40,"A")),"")} -> 0 | EV18: {=IFERROR(_xlfn.XLOOKUP($A18&$B18,'JULIO 2'!$D$11:$D$40&'JULIO 2'!$E$11:$E$40,'JULIO 2'!$AK$11:$AK$40,_xlfn.XLOOKUP($A18&$B18,'JULIO 2'!$BC$11:$BC$40&'JULIO 2'!$BD$11:$BD$40,'JULIO 2'!$CJ$11:$CJ$40,"A")),"")} -> 0 | EW18: {=IFERROR(_xlfn.XLOOKUP($A18&$B18,AGOSTO!$D$11:$D$40&AGOSTO!$E$11:$E$40,AGOSTO!$AK$11:$AK$40,_xlfn.XLOOKUP($A18&$B18,AGOSTO!$BC$11:$BC$40&AGOSTO!$BD$11:$BD$40,AGOSTO!$CJ$11:$CJ$40,"A")),"")} -> 0 | EX18: {=IFERROR(_xlfn.XLOOKUP($A18&$B18,'AGOSTO 2'!$D$11:$D$40&'AGOSTO 2'!$E$11:$E$40,'AGOSTO 2'!$AK$11:$AK$40,_xlfn.XLOOKUP($A18&$B18,'AGOSTO 2'!$BC$11:$BC$40&'AGOSTO 2'!$BD$11:$BD$40,'AGOSTO 2'!$CJ$11:$CJ$40,"A")),"")} -> 0 | EY18: {=IFERROR(_xlfn.XLOOKUP($A18&$B18,SEPTIEMBRE!$D$11:$D$40&SEPTIEMBRE!$E$11:$E$40,SEPTIEMBRE!$AK$11:$AK$40,_xlfn.XLOOKUP($A18&$B18,SEPTIEMBRE!$BC$11:$BC$40&SEPTIEMBRE!$BD$11:$BD$40,SEPTIEMBRE!$CJ$11:$CJ$40,"A")),"")} -> 0 | EZ18: {=IFERROR(_xlfn.XLOOKUP($A18&$B18,'SEPTIEMBRE 2'!$D$11:$D$40&'SEPTIEMBRE 2'!$E$11:$E$40,'SEPTIEMBRE 2'!$AK$11:$AK$40,_xlfn.XLOOKUP($A18&$B18,'SEPTIEMBRE 2'!$BC$11:$BC$40&'SEPTIEMBRE 2'!$BD$11:$BD$40,'SEPTIEMBRE 2'!$CJ$11:$CJ$40,"A")),"")} -> 0 | FA18: {=IFERROR(_xlfn.XLOOKUP($A18&$B18,'SEPTIEMBRE 3'!$D$11:$D$40&'SEPTIEMBRE 3'!$E$11:$E$40,'SEPTIEMBRE 3'!$AK$11:$AK$40,_xlfn.XLOOKUP($A18&$B18,'SEPTIEMBRE 3'!$BC$11:$BC$40&'SEPTIEMBRE 3'!$BD$11:$BD$40,'SEPTIEMBRE 3'!$CJ$11:$CJ$40,"A")),"")} -> 0 | FB18: {=IFERROR(_xlfn.XLOOKUP($A18&$B18,OCTUBRE!$D$11:$D$40&OCTUBRE!$E$11:$E$40,OCTUBRE!$AK$11:$AK$40,_xlfn.XLOOKUP($A18&$B18,OCTUBRE!$BC$11:$BC$40&OCTUBRE!$BD$11:$BD$40,OCTUBRE!$CJ$11:$CJ$40,"A")),"")} -> 0 | FC18: {=IFERROR(_xlfn.XLOOKUP($A18&$B18,'OCTUBRE 2'!$D$11:$D$40&'OCTUBRE 2'!$E$11:$E$40,'OCTUBRE 2'!$AK$11:$AK$40,_xlfn.XLOOKUP($A18&$B18,'OCTUBRE 2'!$BC$11:$BC$40&'OCTUBRE 2'!$BD$11:$BD$40,'OCTUBRE 2'!$CJ$11:$CJ$40,"A")),"")} -> 0 | FD18: {=IFERROR(_xlfn.XLOOKUP($A18&$B18,NOVIEMBRE!$D$11:$D$40&NOVIEMBRE!$E$11:$E$40,NOVIEMBRE!$AK$11:$AK$40,_xlfn.XLOOKUP($A18&$B18,NOVIEMBRE!$BC$11:$BC$40&NOVIEMBRE!$BD$11:$BD$40,NOVIEMBRE!$CJ$11:$CJ$40,"A")),"")} -> 0 | FE18: {=IFERROR(_xlfn.XLOOKUP($A18&$B18,'NOVIEMBRE 2'!$D$11:$D$40&'NOVIEMBRE 2'!$E$11:$E$40,'NOVIEMBRE 2'!$AK$11:$AK$40,_xlfn.XLOOKUP($A18&$B18,'NOVIEMBRE 2'!$BC$11:$BC$40&'NOVIEMBRE 2'!$BD$11:$BD$40,'NOVIEMBRE 2'!$CJ$11:$CJ$40,"A")),"")} -> 0 | FF18: {=IFERROR(_xlfn.XLOOKUP($A18&$B18,DICIEMBRE!$D$11:$D$40&DICIEMBRE!$E$11:$E$40,DICIEMBRE!$AK$11:$AK$40,_xlfn.XLOOKUP($A18&$B18,DICIEMBRE!$BC$11:$BC$40&DICIEMBRE!$BD$11:$BD$40,DICIEMBRE!$CJ$11:$CJ$40,"A")),"")} -> 0 | FG18: =IF( AND(N18="", Z18="", AL18="", AX18="", BJ18="", BV18="", CH18="", CT18="",DF18=""), "", TEXTJOIN( " ", TRUE, IF(AND(N18<>"", N18>=40, COUNTA(C18:M18)=0), "⚠️Faltan notas del Módulo I", ""), IF(AND(Z18<>"", Z18>=40, COUNTA(O18:Y18)=0), "⚠️Faltan notas del Módulo II", ""), IF(AND(AL18<>"", AL18>=40, COUNTA(AA18:AK18)=0), "⚠️Faltan notas del Módulo III", ""), IF(AND(AX18<>"", AX18>=40, COUNTA(AM18:AW18)=0), "⚠️Faltan notas del Módulo IV", ""), IF(AND(BJ18<>"", BJ18>=40, COUNTA(AY18:BI18)=0), "⚠️Faltan notas del Módulo V", ""), IF(AND(BV18<>"", BV18>=40, COUNTA(BK18:BU18)=0), "⚠️Faltan notas del Módulo VI", ""), IF(AND(CH18<>"", CH18>=40, COUNTA(BW18:CG18)=0), "⚠️Faltan notas del Módulo VII", ""), IF(AND(CT18<>"", CT18>=40, COUNTA(CI18:CS18)=0), "⚠️Faltan notas del Módulo VIII", ""), IF(AND(DF18<>"", DF18>=40, COUNTA(CU18:DE18)=0), "⚠️Faltan notas del Módulo IX", "") ) ) | FH18: {=IF( COUNT(DZ18:EH18)=0, "-", IF( COUNT(DZ18:EH18) < COUNTA(DZ18:EH18), REPT("🟩", ROUND(COUNT(DZ18:EH18)/COUNTA(DZ18:EH18)*5, 0)) & REPT("⬜", 5 - ROUND(COUNT(DZ18:EH18)/COUNTA(DZ18:EH18)*5, 0)), IF( AVERAGE(IF(DZ18:EH18<>"", DZ18:EH18, )) >= 70, "🟩🟩🟩🟩🟩", IF( AVERAGE(IF(DZ18:EH18<>"",DZ18:EH18, )) >= 56, "🟨🟨🟨🟨🟨", "🟥🟥🟥🟥🟥" ) ) ) )} -> -
N19: =IFERROR(SUM(DT19:DU19)/SUM($DT$7:$DU$7)*100,"") | Z19: =IFERROR(SUM(EB19:EC19)/SUM($EB$7:$EC$7)*100,"") | AL19: =IFERROR(SUM(EK19:EL19)/SUM($EK$7:$EL$7)*100,"") | AX19: =IFERROR(SUM(EW19:EY19)/SUM($EW$7:$EY$7)*100,"") | BJ19: =IFERROR(SUM(EZ19)/SUM($EZ$7)*100,"") | BV19: =IFERROR(SUM(FA19:FB19)/SUM($FA$7:$FB$7)*100,"") | CH19: =IFERROR(SUM(FC19:FD19)/SUM($FC$7:$FD$7)*100,"") | CT19: =IFERROR(SUM(FE19:FF19)/SUM($FE$7:$FF$7)*100,"") | DG19: {=IFERROR(_xlfn.XLOOKUP($A19&B19,MARZO!$D$11:$D$40&MARZO!$E$11:$E$40,MARZO!$AM$11:$AM$40,_xlfn.XLOOKUP($A19&$B19,MARZO!$BC$11:$BC$40&MARZO!$BD$11:$BD$40,MARZO!$CL$11:$CL$40,"A"))/1%,"")} | DH19: {=IFERROR(_xlfn.XLOOKUP($A19&$B19,ABRIL!$D$11:$D$40&ABRIL!$E$11:$E$40,ABRIL!$AM$11:$AM$40,_xlfn.XLOOKUP($A19&$B19,ABRIL!$BC$11:$BC$40&ABRIL!$BD$11:$BD$40,ABRIL!$CL$11:$CL$40,"A"))/1%,"")} | DI19: {=IFERROR(_xlfn.XLOOKUP($A19&$B19,'ABRIL 2'!$D$11:$D$40&'ABRIL 2'!$E$11:$E$40,'ABRIL 2'!$AM$11:$AM$40,_xlfn.XLOOKUP($A19&$B19,'ABRIL 2'!$BC$11:$BC$40&'ABRIL 2'!$BD$11:$BD$40,'ABRIL 2'!$CL$11:$CL$40,"A"))/1%,"")} | DJ19: {=IFERROR(_xlfn.XLOOKUP($A19&$B19,MAYO!$D$11:$D$40&MAYO!$E$11:$E$40,MAYO!$AM$11:$AM$40,_xlfn.XLOOKUP($A19&$B19,MAYO!$BC$11:$BC$40&MAYO!$BD$11:$BD$40,MAYO!$CL$11:$CL$40,"A"))/1%,"")} | DK19: {=IFERROR(_xlfn.XLOOKUP($A19&$B19,'MAYO 2'!$D$11:$D$40&'MAYO 2'!$E$11:$E$40,'MAYO 2'!$AM$11:$AM$40,_xlfn.XLOOKUP($A19&$B19,'MAYO 2'!$BC$11:$BC$40&'MAYO 2'!$BD$11:$BD$40,'MAYO 2'!$CL$11:$CL$40,"A"))/1%,"")} | DL19: {=IFERROR(_xlfn.XLOOKUP($A19&$B19,JUNIO!$D$11:$D$40&JUNIO!$E$11:$E$40,JUNIO!$AM$11:$AM$40,_xlfn.XLOOKUP($A19&$B19,JUNIO!$BC$11:$BC$40&JUNIO!$BD$11:$BD$40,JUNIO!$CL$11:$CL$40,"A"))/1%,"")} | DM19: {=IFERROR(_xlfn.XLOOKUP($A19&$B19,'JUNIO 2'!$D$11:$D$40&'JUNIO 2'!$E$11:$E$40,'JUNIO 2'!$AM$11:$AM$40,_xlfn.XLOOKUP($A19&$B19,'JUNIO 2'!$BC$11:$BC$40&'JUNIO 2'!$BD$11:$BD$40,'JUNIO 2'!$CL$11:$CL$40,"A"))/1%,"")} | DN19: {=IFERROR(_xlfn.XLOOKUP($A19&$B19,JULIO!$D$11:$D$40&JULIO!$E$11:$E$40,JULIO!$AM$11:$AM$40,_xlfn.XLOOKUP($A19&$B19,JULIO!$BC$11:$BC$40&JULIO!$BD$11:$BD$40,JULIO!$CL$11:$CL$40,"A"))/1%,"")} | DO19: {=IFERROR(_xlfn.XLOOKUP($A19&$B19,'JULIO 2'!$D$11:$D$40&'JULIO 2'!$E$11:$E$40,'JULIO 2'!$AM$11:$AM$40,_xlfn.XLOOKUP($A19&$B19,'JULIO 2'!$BC$11:$BC$40&'JULIO 2'!$BD$11:$BD$40,'JULIO 2'!$CL$11:$CL$40,"A"))/1%,"")} | DP19: {=IFERROR(_xlfn.XLOOKUP($A19&$B19,AGOSTO!$D$11:$D$40&AGOSTO!$E$11:$E$40,AGOSTO!$AM$11:$AM$40,_xlfn.XLOOKUP($A19&$B19,AGOSTO!$BC$11:$BC$40&AGOSTO!$BD$11:$BD$40,AGOSTO!$CL$11:$CL$40,"A"))/1%,"")} | DQ19: {=IFERROR(_xlfn.XLOOKUP($A19&$B19,'AGOSTO 2'!$D$11:$D$40&'AGOSTO 2'!$E$11:$E$40,'AGOSTO 2'!$AM$11:$AM$40,_xlfn.XLOOKUP($A19&$B19,'AGOSTO 2'!$BC$11:$BC$40&'AGOSTO 2'!$BD$11:$BD$40,'AGOSTO 2'!$CL$11:$CL$40,"A"))/1%,"")} | DR19: {=IFERROR(_xlfn.XLOOKUP($A19&$B19,SEPTIEMBRE!$D$11:$D$40&SEPTIEMBRE!$E$11:$E$40,SEPTIEMBRE!$AM$11:$AM$40,_xlfn.XLOOKUP($A19&$B19,SEPTIEMBRE!$BC$11:$BC$40&SEPTIEMBRE!$BD$11:$BD$40,SEPTIEMBRE!$CL$11:$CL$40,"A"))/1%,"")} | DS19: {=IFERROR(_xlfn.XLOOKUP($A19&$B19,'SEPTIEMBRE 2'!$D$11:$D$40&'SEPTIEMBRE 2'!$E$11:$E$40,'SEPTIEMBRE 2'!$AM$11:$AM$40,_xlfn.XLOOKUP($A19&$B19,'SEPTIEMBRE 2'!$BC$11:$BC$40&'SEPTIEMBRE 2'!$BD$11:$BD$40,'SEPTIEMBRE 2'!$CL$11:$CL$40,"A"))/1%,"")} | DT19: {=IFERROR(_xlfn.XLOOKUP($A19&$B19,'SEPTIEMBRE 3'!$D$11:$D$40&'SEPTIEMBRE 3'!$E$11:$E$40,'SEPTIEMBRE 3'!$AM$11:$AM$40,_xlfn.XLOOKUP($A19&$B19,'SEPTIEMBRE 3'!$BC$11:$BC$40&'SEPTIEMBRE 3'!$BD$11:$BD$40,'SEPTIEMBRE 3'!$CL$11:$CL$40,"A"))/1%,"")} | DU19: {=IFERROR(_xlfn.XLOOKUP($A19&$B19,OCTUBRE!$D$11:$D$40&OCTUBRE!$E$11:$E$40,OCTUBRE!$AM$11:$AM$40,_xlfn.XLOOKUP($A19&$B19,OCTUBRE!$BC$11:$BC$40&OCTUBRE!$BD$11:$BD$40,OCTUBRE!$CL$11:$CL$40,"A"))/1%,"")} | DV19: {=IFERROR(_xlfn.XLOOKUP($A19&$B19,'OCTUBRE 2'!$D$11:$D$40&'OCTUBRE 2'!$E$11:$E$40,'OCTUBRE 2'!$AM$11:$AM$40,_xlfn.XLOOKUP($A19&$B19,'OCTUBRE 2'!$BC$11:$BC$40&'OCTUBRE 2'!$BD$11:$BD$40,'OCTUBRE 2'!$CL$11:$CL$40,"A"))/1%,"")} | DW19: {=IFERROR(_xlfn.XLOOKUP($A19&$B19,NOVIEMBRE!$D$11:$D$40&NOVIEMBRE!$E$11:$E$40,NOVIEMBRE!$AM$11:$AM$40,_xlfn.XLOOKUP($A19&$B19,NOVIEMBRE!$BC$11:$BC$40&NOVIEMBRE!$BD$11:$BD$40,NOVIEMBRE!$CL$11:$CL$40,"A"))/1%,"")} | DX19: {=IFERROR(_xlfn.XLOOKUP($A19&$B19,'NOVIEMBRE 2'!$D$11:$D$40&'NOVIEMBRE 2'!$E$11:$E$40,'NOVIEMBRE 2'!$AM$11:$AM$40,_xlfn.XLOOKUP($A19&$B19,'NOVIEMBRE 2'!$BC$11:$BC$40&'NOVIEMBRE 2'!$BD$11:$BD$40,'NOVIEMBRE 2'!$CL$11:$CL$40,"A"))/1%,"")} | DY19: {=IFERROR(_xlfn.XLOOKUP($A19&$B19,DICIEMBRE!$D$11:$D$40&DICIEMBRE!$E$11:$E$40,DICIEMBRE!$AM$11:$AM$40,_xlfn.XLOOKUP($A19&$B19,DICIEMBRE!$BC$11:$BC$40&DICIEMBRE!$BD$11:$BD$40,DICIEMBRE!$CL$11:$CL$40,"A"))/1%,"")} | DZ19: =IFERROR(IF(COUNTIF(C19:N19,"-"),"A",ROUND(AVERAGE(C19:N19),0)),"-") -> - | EA19: =IFERROR(IF(COUNTIF(O19:Z19,"-"),"A",ROUND(AVERAGE(O19:Z19),0)),"-") -> - | EB19: =IFERROR(IF(COUNTIF(AA19:AL19,"-"),"A",ROUND(AVERAGE(AA19:AL19),0)),"-") -> - | EC19: =IFERROR(IF(COUNTIF(AM19:AX19,"-"),"A",ROUND(AVERAGE(AM19:AX19),0)),"-") -> - | ED19: =IFERROR(IF(COUNTIF(AY19:BJ19,"-"),"A",ROUND(AVERAGE(AY19:BJ19),0)),"-") -> - | EE19: =IFERROR(IF(COUNTIF(BK19:BV19,"-"),"A",ROUND(AVERAGE(BK19:BV19),0)),"-") -> - | EF19: =IFERROR(IF(COUNTIF(BW19:CH19,"-"),"A",ROUND(AVERAGE(BW19:CH19),0)),"-") -> - | EG19: =IFERROR(IF(COUNTIF(CI19:CT19,"-"),"A",ROUND(AVERAGE(CI19:CT19),0)),"-") -> - | EH19: =IFERROR(IF(COUNTIF(CU19:DF19,"-"),"A",ROUND(AVERAGE(CU19:DF19),0)),"-") -> - | EI19: =IFERROR(ROUND(AVERAGE(DZ19:EH19),0),"") | EN19: {=IFERROR(_xlfn.XLOOKUP($A19&$B19,MARZO!$D$11:$D$40&MARZO!$E$11:$E$40,MARZO!$AK$11:$AK$40,_xlfn.XLOOKUP($A19&$B19,MARZO!$BC$11:$BC$40&MARZO!$BD$11:$BD$40,MARZO!$CJ$11:$CJ$40,"A")),"")} -> 0 | EO19: {=IFERROR(_xlfn.XLOOKUP($A19&$B19,ABRIL!$D$11:$D$40&ABRIL!$E$11:$E$40,ABRIL!$AK$11:$AK$40,_xlfn.XLOOKUP($A19&$B19,ABRIL!$BC$11:$BC$40&ABRIL!$BD$11:$BD$40,ABRIL!$CJ$11:$CJ$40,"A")),"")} -> 0 | EP19: {=IFERROR(_xlfn.XLOOKUP($A19&$B19,'ABRIL 2'!$D$11:$D$40&'ABRIL 2'!$E$11:$E$40,'ABRIL 2'!$AK$11:$AK$40,_xlfn.XLOOKUP($A19&$B19,'ABRIL 2'!$BC$11:$BC$40&'ABRIL 2'!$BD$11:$BD$40,'ABRIL 2'!$CJ$11:$CJ$40,"A")),"")} -> 0 | EQ19: {=IFERROR(_xlfn.XLOOKUP($A19&$B19,MAYO!$D$11:$D$40&MAYO!$E$11:$E$40,MAYO!$AK$11:$AK$40,_xlfn.XLOOKUP($A19&$B19,MAYO!$BC$11:$BC$40&MAYO!$BD$11:$BD$40,MAYO!$CJ$11:$CJ$40,"A")),"")} -> 0 | ER19: {=IFERROR(_xlfn.XLOOKUP($A19&$B19,'MAYO 2'!$D$11:$D$40&'MAYO 2'!$E$11:$E$40,'MAYO 2'!$AK$11:$AK$40,_xlfn.XLOOKUP($A19&$B19,'MAYO 2'!$BC$11:$BC$40&'MAYO 2'!$BD$11:$BD$40,'MAYO 2'!$CJ$11:$CJ$40,"A")),"")} -> 0 | ES19: {=IFERROR(_xlfn.XLOOKUP($A19&$B19,JUNIO!$D$11:$D$40&JUNIO!$E$11:$E$40,JUNIO!$AK$11:$AK$40,_xlfn.XLOOKUP($A19&$B19,JUNIO!$BC$11:$BC$40&JUNIO!$BD$11:$BD$40,JUNIO!$CJ$11:$CJ$40,"A")),"")} -> 0 | ET19: {=IFERROR(_xlfn.XLOOKUP($A19&$B19,'JUNIO 2'!$D$11:$D$40&'JUNIO 2'!$E$11:$E$40,'JUNIO 2'!$AK$11:$AK$40,_xlfn.XLOOKUP($A19&$B19,'JUNIO 2'!$BC$11:$BC$40&'JUNIO 2'!$BD$11:$BD$40,'JUNIO 2'!$CJ$11:$CJ$40,"A")),"")} -> 0 | EU19: {=IFERROR(_xlfn.XLOOKUP($A19&$B19,JULIO!$D$11:$D$40&JULIO!$E$11:$E$40,JULIO!$AK$11:$AK$40,_xlfn.XLOOKUP($A19&$B19,JULIO!$BC$11:$BC$40&JULIO!$BD$11:$BD$40,JULIO!$CJ$11:$CJ$40,"A")),"")} -> 0 | EV19: {=IFERROR(_xlfn.XLOOKUP($A19&$B19,'JULIO 2'!$D$11:$D$40&'JULIO 2'!$E$11:$E$40,'JULIO 2'!$AK$11:$AK$40,_xlfn.XLOOKUP($A19&$B19,'JULIO 2'!$BC$11:$BC$40&'JULIO 2'!$BD$11:$BD$40,'JULIO 2'!$CJ$11:$CJ$40,"A")),"")} -> 0 | EW19: {=IFERROR(_xlfn.XLOOKUP($A19&$B19,AGOSTO!$D$11:$D$40&AGOSTO!$E$11:$E$40,AGOSTO!$AK$11:$AK$40,_xlfn.XLOOKUP($A19&$B19,AGOSTO!$BC$11:$BC$40&AGOSTO!$BD$11:$BD$40,AGOSTO!$CJ$11:$CJ$40,"A")),"")} -> 0 | EX19: {=IFERROR(_xlfn.XLOOKUP($A19&$B19,'AGOSTO 2'!$D$11:$D$40&'AGOSTO 2'!$E$11:$E$40,'AGOSTO 2'!$AK$11:$AK$40,_xlfn.XLOOKUP($A19&$B19,'AGOSTO 2'!$BC$11:$BC$40&'AGOSTO 2'!$BD$11:$BD$40,'AGOSTO 2'!$CJ$11:$CJ$40,"A")),"")} -> 0 | EY19: {=IFERROR(_xlfn.XLOOKUP($A19&$B19,SEPTIEMBRE!$D$11:$D$40&SEPTIEMBRE!$E$11:$E$40,SEPTIEMBRE!$AK$11:$AK$40,_xlfn.XLOOKUP($A19&$B19,SEPTIEMBRE!$BC$11:$BC$40&SEPTIEMBRE!$BD$11:$BD$40,SEPTIEMBRE!$CJ$11:$CJ$40,"A")),"")} -> 0 | EZ19: {=IFERROR(_xlfn.XLOOKUP($A19&$B19,'SEPTIEMBRE 2'!$D$11:$D$40&'SEPTIEMBRE 2'!$E$11:$E$40,'SEPTIEMBRE 2'!$AK$11:$AK$40,_xlfn.XLOOKUP($A19&$B19,'SEPTIEMBRE 2'!$BC$11:$BC$40&'SEPTIEMBRE 2'!$BD$11:$BD$40,'SEPTIEMBRE 2'!$CJ$11:$CJ$40,"A")),"")} -> 0 | FA19: {=IFERROR(_xlfn.XLOOKUP($A19&$B19,'SEPTIEMBRE 3'!$D$11:$D$40&'SEPTIEMBRE 3'!$E$11:$E$40,'SEPTIEMBRE 3'!$AK$11:$AK$40,_xlfn.XLOOKUP($A19&$B19,'SEPTIEMBRE 3'!$BC$11:$BC$40&'SEPTIEMBRE 3'!$BD$11:$BD$40,'SEPTIEMBRE 3'!$CJ$11:$CJ$40,"A")),"")} -> 0 | FB19: {=IFERROR(_xlfn.XLOOKUP($A19&$B19,OCTUBRE!$D$11:$D$40&OCTUBRE!$E$11:$E$40,OCTUBRE!$AK$11:$AK$40,_xlfn.XLOOKUP($A19&$B19,OCTUBRE!$BC$11:$BC$40&OCTUBRE!$BD$11:$BD$40,OCTUBRE!$CJ$11:$CJ$40,"A")),"")} -> 0 | FC19: {=IFERROR(_xlfn.XLOOKUP($A19&$B19,'OCTUBRE 2'!$D$11:$D$40&'OCTUBRE 2'!$E$11:$E$40,'OCTUBRE 2'!$AK$11:$AK$40,_xlfn.XLOOKUP($A19&$B19,'OCTUBRE 2'!$BC$11:$BC$40&'OCTUBRE 2'!$BD$11:$BD$40,'OCTUBRE 2'!$CJ$11:$CJ$40,"A")),"")} -> 0 | FD19: {=IFERROR(_xlfn.XLOOKUP($A19&$B19,NOVIEMBRE!$D$11:$D$40&NOVIEMBRE!$E$11:$E$40,NOVIEMBRE!$AK$11:$AK$40,_xlfn.XLOOKUP($A19&$B19,NOVIEMBRE!$BC$11:$BC$40&NOVIEMBRE!$BD$11:$BD$40,NOVIEMBRE!$CJ$11:$CJ$40,"A")),"")} -> 0 | FE19: {=IFERROR(_xlfn.XLOOKUP($A19&$B19,'NOVIEMBRE 2'!$D$11:$D$40&'NOVIEMBRE 2'!$E$11:$E$40,'NOVIEMBRE 2'!$AK$11:$AK$40,_xlfn.XLOOKUP($A19&$B19,'NOVIEMBRE 2'!$BC$11:$BC$40&'NOVIEMBRE 2'!$BD$11:$BD$40,'NOVIEMBRE 2'!$CJ$11:$CJ$40,"A")),"")} -> 0 | FF19: {=IFERROR(_xlfn.XLOOKUP($A19&$B19,DICIEMBRE!$D$11:$D$40&DICIEMBRE!$E$11:$E$40,DICIEMBRE!$AK$11:$AK$40,_xlfn.XLOOKUP($A19&$B19,DICIEMBRE!$BC$11:$BC$40&DICIEMBRE!$BD$11:$BD$40,DICIEMBRE!$CJ$11:$CJ$40,"A")),"")} -> 0 | FG19: =IF( AND(N19="", Z19="", AL19="", AX19="", BJ19="", BV19="", CH19="", CT19="",DF19=""), "", TEXTJOIN( " ", TRUE, IF(AND(N19<>"", N19>=40, COUNTA(C19:M19)=0), "⚠️Faltan notas del Módulo I", ""), IF(AND(Z19<>"", Z19>=40, COUNTA(O19:Y19)=0), "⚠️Faltan notas del Módulo II", ""), IF(AND(AL19<>"", AL19>=40, COUNTA(AA19:AK19)=0), "⚠️Faltan notas del Módulo III", ""), IF(AND(AX19<>"", AX19>=40, COUNTA(AM19:AW19)=0), "⚠️Faltan notas del Módulo IV", ""), IF(AND(BJ19<>"", BJ19>=40, COUNTA(AY19:BI19)=0), "⚠️Faltan notas del Módulo V", ""), IF(AND(BV19<>"", BV19>=40, COUNTA(BK19:BU19)=0), "⚠️Faltan notas del Módulo VI", ""), IF(AND(CH19<>"", CH19>=40, COUNTA(BW19:CG19)=0), "⚠️Faltan notas del Módulo VII", ""), IF(AND(CT19<>"", CT19>=40, COUNTA(CI19:CS19)=0), "⚠️Faltan notas del Módulo VIII", ""), IF(AND(DF19<>"", DF19>=40, COUNTA(CU19:DE19)=0), "⚠️Faltan notas del Módulo IX", "") ) ) | FH19: {=IF( COUNT(DZ19:EH19)=0, "-", IF( COUNT(DZ19:EH19) < COUNTA(DZ19:EH19), REPT("🟩", ROUND(COUNT(DZ19:EH19)/COUNTA(DZ19:EH19)*5, 0)) & REPT("⬜", 5 - ROUND(COUNT(DZ19:EH19)/COUNTA(DZ19:EH19)*5, 0)), IF( AVERAGE(IF(DZ19:EH19<>"", DZ19:EH19, )) >= 70, "🟩🟩🟩🟩🟩", IF( AVERAGE(IF(DZ19:EH19<>"",DZ19:EH19, )) >= 56, "🟨🟨🟨🟨🟨", "🟥🟥🟥🟥🟥" ) ) ) )} -> -
... N1000: =IFERROR(SUM(DT1000:DU1000)/SUM($DT$7:$DU$7)*100,"") | Z1000: =IFERROR(SUM(EB1000:EC1000)/SUM($EB$7:$EC$7)*100,"") | AL1000: =IFERROR(SUM(EK1000:EL1000)/SUM($EK$7:$EL$7)*100,"") | AX1000: =IFERROR(SUM(EW1000:EY1000)/SUM($EW$7:$EY$7)*100,"") | BJ1000: =IFERROR(SUM(EZ1000)/SUM($EZ$7)*100,"") | BV1000: =IFERROR(SUM(FA1000:FB1000)/SUM($FA$7:$FB$7)*100,"") | CH1000: =IFERROR(SUM(FC1000:FD1000)/SUM($FC$7:$FD$7)*100,"") | CT1000: =IFERROR(SUM(FE1000:FF1000)/SUM($FE$7:$FF$7)*100,"") | DG1000: {=IFERROR(_xlfn.XLOOKUP($A1000&B1000,MARZO!$D$11:$D$40&MARZO!$E$11:$E$40,MARZO!$AM$11:$AM$40,_xlfn.XLOOKUP($A1000&$B1000,MARZO!$BC$11:$BC$40&MARZO!$BD$11:$BD$40,MARZO!$CL$11:$CL$40,"A"))/1%,"")} | DH1000: {=IFERROR(_xlfn.XLOOKUP($A1000&$B1000,ABRIL!$D$11:$D$40&ABRIL!$E$11:$E$40,ABRIL!$AM$11:$AM$40,_xlfn.XLOOKUP($A1000&$B1000,ABRIL!$BC$11:$BC$40&ABRIL!$BD$11:$BD$40,ABRIL!$CL$11:$CL$40,"A"))/1%,"")} | DI1000: {=IFERROR(_xlfn.XLOOKUP($A1000&$B1000,'ABRIL 2'!$D$11:$D$40&'ABRIL 2'!$E$11:$E$40,'ABRIL 2'!$AM$11:$AM$40,_xlfn.XLOOKUP($A1000&$B1000,'ABRIL 2'!$BC$11:$BC$40&'ABRIL 2'!$BD$11:$BD$40,'ABRIL 2'!$CL$11:$CL$40,"A"))/1%,"")} | DJ1000: {=IFERROR(_xlfn.XLOOKUP($A1000&$B1000,MAYO!$D$11:$D$40&MAYO!$E$11:$E$40,MAYO!$AM$11:$AM$40,_xlfn.XLOOKUP($A1000&$B1000,MAYO!$BC$11:$BC$40&MAYO!$BD$11:$BD$40,MAYO!$CL$11:$CL$40,"A"))/1%,"")} | DK1000: {=IFERROR(_xlfn.XLOOKUP($A1000&$B1000,'MAYO 2'!$D$11:$D$40&'MAYO 2'!$E$11:$E$40,'MAYO 2'!$AM$11:$AM$40,_xlfn.XLOOKUP($A1000&$B1000,'MAYO 2'!$BC$11:$BC$40&'MAYO 2'!$BD$11:$BD$40,'MAYO 2'!$CL$11:$CL$40,"A"))/1%,"")} | DL1000: {=IFERROR(_xlfn.XLOOKUP($A1000&$B1000,JUNIO!$D$11:$D$40&JUNIO!$E$11:$E$40,JUNIO!$AM$11:$AM$40,_xlfn.XLOOKUP($A1000&$B1000,JUNIO!$BC$11:$BC$40&JUNIO!$BD$11:$BD$40,JUNIO!$CL$11:$CL$40,"A"))/1%,"")} | DM1000: {=IFERROR(_xlfn.XLOOKUP($A1000&$B1000,'JUNIO 2'!$D$11:$D$40&'JUNIO 2'!$E$11:$E$40,'JUNIO 2'!$AM$11:$AM$40,_xlfn.XLOOKUP($A1000&$B1000,'JUNIO 2'!$BC$11:$BC$40&'JUNIO 2'!$BD$11:$BD$40,'JUNIO 2'!$CL$11:$CL$40,"A"))/1%,"")} | DN1000: {=IFERROR(_xlfn.XLOOKUP($A1000&$B1000,JULIO!$D$11:$D$40&JULIO!$E$11:$E$40,JULIO!$AM$11:$AM$40,_xlfn.XLOOKUP($A1000&$B1000,JULIO!$BC$11:$BC$40&JULIO!$BD$11:$BD$40,JULIO!$CL$11:$CL$40,"A"))/1%,"")} | DO1000: {=IFERROR(_xlfn.XLOOKUP($A1000&$B1000,'JULIO 2'!$D$11:$D$40&'JULIO 2'!$E$11:$E$40,'JULIO 2'!$AM$11:$AM$40,_xlfn.XLOOKUP($A1000&$B1000,'JULIO 2'!$BC$11:$BC$40&'JULIO 2'!$BD$11:$BD$40,'JULIO 2'!$CL$11:$CL$40,"A"))/1%,"")} | DP1000: {=IFERROR(_xlfn.XLOOKUP($A1000&$B1000,AGOSTO!$D$11:$D$40&AGOSTO!$E$11:$E$40,AGOSTO!$AM$11:$AM$40,_xlfn.XLOOKUP($A1000&$B1000,AGOSTO!$BC$11:$BC$40&AGOSTO!$BD$11:$BD$40,AGOSTO!$CL$11:$CL$40,"A"))/1%,"")} | DQ1000: {=IFERROR(_xlfn.XLOOKUP($A1000&$B1000,'AGOSTO 2'!$D$11:$D$40&'AGOSTO 2'!$E$11:$E$40,'AGOSTO 2'!$AM$11:$AM$40,_xlfn.XLOOKUP($A1000&$B1000,'AGOSTO 2'!$BC$11:$BC$40&'AGOSTO 2'!$BD$11:$BD$40,'AGOSTO 2'!$CL$11:$CL$40,"A"))/1%,"")} | DR1000: {=IFERROR(_xlfn.XLOOKUP($A1000&$B1000,SEPTIEMBRE!$D$11:$D$40&SEPTIEMBRE!$E$11:$E$40,SEPTIEMBRE!$AM$11:$AM$40,_xlfn.XLOOKUP($A1000&$B1000,SEPTIEMBRE!$BC$11:$BC$40&SEPTIEMBRE!$BD$11:$BD$40,SEPTIEMBRE!$CL$11:$CL$40,"A"))/1%,"")} | DS1000: {=IFERROR(_xlfn.XLOOKUP($A1000&$B1000,'SEPTIEMBRE 2'!$D$11:$D$40&'SEPTIEMBRE 2'!$E$11:$E$40,'SEPTIEMBRE 2'!$AM$11:$AM$40,_xlfn.XLOOKUP($A1000&$B1000,'SEPTIEMBRE 2'!$BC$11:$BC$40&'SEPTIEMBRE 2'!$BD$11:$BD$40,'SEPTIEMBRE 2'!$CL$11:$CL$40,"A"))/1%,"")} | DT1000: {=IFERROR(_xlfn.XLOOKUP($A1000&$B1000,'SEPTIEMBRE 3'!$D$11:$D$40&'SEPTIEMBRE 3'!$E$11:$E$40,'SEPTIEMBRE 3'!$AM$11:$AM$40,_xlfn.XLOOKUP($A1000&$B1000,'SEPTIEMBRE 3'!$BC$11:$BC$40&'SEPTIEMBRE 3'!$BD$11:$BD$40,'SEPTIEMBRE 3'!$CL$11:$CL$40,"A"))/1%,"")} | DU1000: {=IFERROR(_xlfn.XLOOKUP($A1000&$B1000,OCTUBRE!$D$11:$D$40&OCTUBRE!$E$11:$E$40,OCTUBRE!$AM$11:$AM$40,_xlfn.XLOOKUP($A1000&$B1000,OCTUBRE!$BC$11:$BC$40&OCTUBRE!$BD$11:$BD$40,OCTUBRE!$CL$11:$CL$40,"A"))/1%,"")} | DV1000: {=IFERROR(_xlfn.XLOOKUP($A1000&$B1000,'OCTUBRE 2'!$D$11:$D$40&'OCTUBRE 2'!$E$11:$E$40,'OCTUBRE 2'!$AM$11:$AM$40,_xlfn.XLOOKUP($A1000&$B1000,'OCTUBRE 2'!$BC$11:$BC$40&'OCTUBRE 2'!$BD$11:$BD$40,'OCTUBRE 2'!$CL$11:$CL$40,"A"))/1%,"")} | DW1000: {=IFERROR(_xlfn.XLOOKUP($A1000&$B1000,NOVIEMBRE!$D$11:$D$40&NOVIEMBRE!$E$11:$E$40,NOVIEMBRE!$AM$11:$AM$40,_xlfn.XLOOKUP($A1000&$B1000,NOVIEMBRE!$BC$11:$BC$40&NOVIEMBRE!$BD$11:$BD$40,NOVIEMBRE!$CL$11:$CL$40,"A"))/1%,"")} | DX1000: {=IFERROR(_xlfn.XLOOKUP($A1000&$B1000,'NOVIEMBRE 2'!$D$11:$D$40&'NOVIEMBRE 2'!$E$11:$E$40,'NOVIEMBRE 2'!$AM$11:$AM$40,_xlfn.XLOOKUP($A1000&$B1000,'NOVIEMBRE 2'!$BC$11:$BC$40&'NOVIEMBRE 2'!$BD$11:$BD$40,'NOVIEMBRE 2'!$CL$11:$CL$40,"A"))/1%,"")} | DY1000: {=IFERROR(_xlfn.XLOOKUP($A1000&$B1000,DICIEMBRE!$D$11:$D$40&DICIEMBRE!$E$11:$E$40,DICIEMBRE!$AM$11:$AM$40,_xlfn.XLOOKUP($A1000&$B1000,DICIEMBRE!$BC$11:$BC$40&DICIEMBRE!$BD$11:$BD$40,DICIEMBRE!$CL$11:$CL$40,"A"))/1%,"")} | DZ1000: =IFERROR(IF(COUNTIF(C1000:N1000,"-"),"A",ROUND(AVERAGE(C1000:N1000),0)),"-") -> - | EA1000: =IFERROR(IF(COUNTIF(O1000:Z1000,"-"),"A",ROUND(AVERAGE(O1000:Z1000),0)),"-") -> - | EB1000: =IFERROR(IF(COUNTIF(AA1000:AL1000,"-"),"A",ROUND(AVERAGE(AA1000:AL1000),0)),"-") -> - | EC1000: =IFERROR(IF(COUNTIF(AM1000:AX1000,"-"),"A",ROUND(AVERAGE(AM1000:AX1000),0)),"-") -> - | ED1000: =IFERROR(IF(COUNTIF(AY1000:BJ1000,"-"),"A",ROUND(AVERAGE(AY1000:BJ1000),0)),"-") -> - | EE1000: =IFERROR(IF(COUNTIF(BK1000:BV1000,"-"),"A",ROUND(AVERAGE(BK1000:BV1000),0)),"-") -> - | EF1000: =IFERROR(IF(COUNTIF(BW1000:CH1000,"-"),"A",ROUND(AVERAGE(BW1000:CH1000),0)),"-") -> - | EG1000: =IFERROR(IF(COUNTIF(CI1000:CT1000,"-"),"A",ROUND(AVERAGE(CI1000:CT1000),0)),"-") -> - | EH1000: =IFERROR(IF(COUNTIF(CU1000:DF1000,"-"),"A",ROUND(AVERAGE(CU1000:DF1000),0)),"-") -> - | EI1000: =IFERROR(ROUND(AVERAGE(DZ1000:EH1000),0),"") | EN1000: {=IFERROR(_xlfn.XLOOKUP($A1000&$B1000,MARZO!$D$11:$D$40&MARZO!$E$11:$E$40,MARZO!$AK$11:$AK$40,_xlfn.XLOOKUP($A1000&$B1000,MARZO!$BC$11:$BC$40&MARZO!$BD$11:$BD$40,MARZO!$CJ$11:$CJ$40,"A")),"")} -> 0 | EO1000: {=IFERROR(_xlfn.XLOOKUP($A1000&$B1000,ABRIL!$D$11:$D$40&ABRIL!$E$11:$E$40,ABRIL!$AK$11:$AK$40,_xlfn.XLOOKUP($A1000&$B1000,ABRIL!$BC$11:$BC$40&ABRIL!$BD$11:$BD$40,ABRIL!$CJ$11:$CJ$40,"A")),"")} -> 0 | EP1000: {=IFERROR(_xlfn.XLOOKUP($A1000&$B1000,'ABRIL 2'!$D$11:$D$40&'ABRIL 2'!$E$11:$E$40,'ABRIL 2'!$AK$11:$AK$40,_xlfn.XLOOKUP($A1000&$B1000,'ABRIL 2'!$BC$11:$BC$40&'ABRIL 2'!$BD$11:$BD$40,'ABRIL 2'!$CJ$11:$CJ$40,"A")),"")} -> 0 | EQ1000: {=IFERROR(_xlfn.XLOOKUP($A1000&$B1000,MAYO!$D$11:$D$40&MAYO!$E$11:$E$40,MAYO!$AK$11:$AK$40,_xlfn.XLOOKUP($A1000&$B1000,MAYO!$BC$11:$BC$40&MAYO!$BD$11:$BD$40,MAYO!$CJ$11:$CJ$40,"A")),"")} -> 0 | ER1000: {=IFERROR(_xlfn.XLOOKUP($A1000&$B1000,'MAYO 2'!$D$11:$D$40&'MAYO 2'!$E$11:$E$40,'MAYO 2'!$AK$11:$AK$40,_xlfn.XLOOKUP($A1000&$B1000,'MAYO 2'!$BC$11:$BC$40&'MAYO 2'!$BD$11:$BD$40,'MAYO 2'!$CJ$11:$CJ$40,"A")),"")} -> 0 | ES1000: {=IFERROR(_xlfn.XLOOKUP($A1000&$B1000,JUNIO!$D$11:$D$40&JUNIO!$E$11:$E$40,JUNIO!$AK$11:$AK$40,_xlfn.XLOOKUP($A1000&$B1000,JUNIO!$BC$11:$BC$40&JUNIO!$BD$11:$BD$40,JUNIO!$CJ$11:$CJ$40,"A")),"")} -> 0 | ET1000: {=IFERROR(_xlfn.XLOOKUP($A1000&$B1000,'JUNIO 2'!$D$11:$D$40&'JUNIO 2'!$E$11:$E$40,'JUNIO 2'!$AK$11:$AK$40,_xlfn.XLOOKUP($A1000&$B1000,'JUNIO 2'!$BC$11:$BC$40&'JUNIO 2'!$BD$11:$BD$40,'JUNIO 2'!$CJ$11:$CJ$40,"A")),"")} -> 0 | EU1000: {=IFERROR(_xlfn.XLOOKUP($A1000&$B1000,JULIO!$D$11:$D$40&JULIO!$E$11:$E$40,JULIO!$AK$11:$AK$40,_xlfn.XLOOKUP($A1000&$B1000,JULIO!$BC$11:$BC$40&JULIO!$BD$11:$BD$40,JULIO!$CJ$11:$CJ$40,"A")),"")} -> 0 | EV1000: {=IFERROR(_xlfn.XLOOKUP($A1000&$B1000,'JULIO 2'!$D$11:$D$40&'JULIO 2'!$E$11:$E$40,'JULIO 2'!$AK$11:$AK$40,_xlfn.XLOOKUP($A1000&$B1000,'JULIO 2'!$BC$11:$BC$40&'JULIO 2'!$BD$11:$BD$40,'JULIO 2'!$CJ$11:$CJ$40,"A")),"")} -> 0 | EW1000: {=IFERROR(_xlfn.XLOOKUP($A1000&$B1000,AGOSTO!$D$11:$D$40&AGOSTO!$E$11:$E$40,AGOSTO!$AK$11:$AK$40,_xlfn.XLOOKUP($A1000&$B1000,AGOSTO!$BC$11:$BC$40&AGOSTO!$BD$11:$BD$40,AGOSTO!$CJ$11:$CJ$40,"A")),"")} -> 0 | EX1000: {=IFERROR(_xlfn.XLOOKUP($A1000&$B1000,'AGOSTO 2'!$D$11:$D$40&'AGOSTO 2'!$E$11:$E$40,'AGOSTO 2'!$AK$11:$AK$40,_xlfn.XLOOKUP($A1000&$B1000,'AGOSTO 2'!$BC$11:$BC$40&'AGOSTO 2'!$BD$11:$BD$40,'AGOSTO 2'!$CJ$11:$CJ$40,"A")),"")} -> 0 | EY1000: {=IFERROR(_xlfn.XLOOKUP($A1000&$B1000,SEPTIEMBRE!$D$11:$D$40&SEPTIEMBRE!$E$11:$E$40,SEPTIEMBRE!$AK$11:$AK$40,_xlfn.XLOOKUP($A1000&$B1000,SEPTIEMBRE!$BC$11:$BC$40&SEPTIEMBRE!$BD$11:$BD$40,SEPTIEMBRE!$CJ$11:$CJ$40,"A")),"")} -> 0 | EZ1000: {=IFERROR(_xlfn.XLOOKUP($A1000&$B1000,'SEPTIEMBRE 2'!$D$11:$D$40&'SEPTIEMBRE 2'!$E$11:$E$40,'SEPTIEMBRE 2'!$AK$11:$AK$40,_xlfn.XLOOKUP($A1000&$B1000,'SEPTIEMBRE 2'!$BC$11:$BC$40&'SEPTIEMBRE 2'!$BD$11:$BD$40,'SEPTIEMBRE 2'!$CJ$11:$CJ$40,"A")),"")} -> 0 | FA1000: {=IFERROR(_xlfn.XLOOKUP($A1000&$B1000,'SEPTIEMBRE 3'!$D$11:$D$40&'SEPTIEMBRE 3'!$E$11:$E$40,'SEPTIEMBRE 3'!$AK$11:$AK$40,_xlfn.XLOOKUP($A1000&$B1000,'SEPTIEMBRE 3'!$BC$11:$BC$40&'SEPTIEMBRE 3'!$BD$11:$BD$40,'SEPTIEMBRE 3'!$CJ$11:$CJ$40,"A")),"")} -> 0 | FB1000: {=IFERROR(_xlfn.XLOOKUP($A1000&$B1000,OCTUBRE!$D$11:$D$40&OCTUBRE!$E$11:$E$40,OCTUBRE!$AK$11:$AK$40,_xlfn.XLOOKUP($A1000&$B1000,OCTUBRE!$BC$11:$BC$40&OCTUBRE!$BD$11:$BD$40,OCTUBRE!$CJ$11:$CJ$40,"A")),"")} -> 0 | FC1000: {=IFERROR(_xlfn.XLOOKUP($A1000&$B1000,'OCTUBRE 2'!$D$11:$D$40&'OCTUBRE 2'!$E$11:$E$40,'OCTUBRE 2'!$AK$11:$AK$40,_xlfn.XLOOKUP($A1000&$B1000,'OCTUBRE 2'!$BC$11:$BC$40&'OCTUBRE 2'!$BD$11:$BD$40,'OCTUBRE 2'!$CJ$11:$CJ$40,"A")),"")} -> 0 | FD1000: {=IFERROR(_xlfn.XLOOKUP($A1000&$B1000,NOVIEMBRE!$D$11:$D$40&NOVIEMBRE!$E$11:$E$40,NOVIEMBRE!$AK$11:$AK$40,_xlfn.XLOOKUP($A1000&$B1000,NOVIEMBRE!$BC$11:$BC$40&NOVIEMBRE!$BD$11:$BD$40,NOVIEMBRE!$CJ$11:$CJ$40,"A")),"")} -> 0 | FE1000: {=IFERROR(_xlfn.XLOOKUP($A1000&$B1000,'NOVIEMBRE 2'!$D$11:$D$40&'NOVIEMBRE 2'!$E$11:$E$40,'NOVIEMBRE 2'!$AK$11:$AK$40,_xlfn.XLOOKUP($A1000&$B1000,'NOVIEMBRE 2'!$BC$11:$BC$40&'NOVIEMBRE 2'!$BD$11:$BD$40,'NOVIEMBRE 2'!$CJ$11:$CJ$40,"A")),"")} -> 0 | FF1000: {=IFERROR(_xlfn.XLOOKUP($A1000&$B1000,DICIEMBRE!$D$11:$D$40&DICIEMBRE!$E$11:$E$40,DICIEMBRE!$AK$11:$AK$40,_xlfn.XLOOKUP($A1000&$B1000,DICIEMBRE!$BC$11:$BC$40&DICIEMBRE!$BD$11:$BD$40,DICIEMBRE!$CJ$11:$CJ$40,"A")),"")} -> 0 | FG1000: =IF( AND(N1000="", Z1000="", AL1000="", AX1000="", BJ1000="", BV1000="", CH1000="", CT1000="",DF1000=""), "", TEXTJOIN( " ", TRUE, IF(AND(N1000<>"", N1000>=40, COUNTA(C1000:M1000)=0), "⚠️Faltan notas del Módulo I", ""), IF(AND(Z1000<>"", Z1000>=40, COUNTA(O1000:Y1000)=0), "⚠️Faltan notas del Módulo II", ""), IF(AND(AL1000<>"", AL1000>=40, COUNTA(AA1000:AK1000)=0), "⚠️Faltan notas del Módulo III", ""), IF(AND(AX1000<>"", AX1000>=40, COUNTA(AM1000:AW1000)=0), "⚠️Faltan notas del Módulo IV", ""), IF(AND(BJ1000<>"", BJ1000>=40, COUNTA(AY1000:BI1000)=0), "⚠️Faltan notas del Módulo V", ""), IF(AND(BV1000<>"", BV1000>=40, COUNTA(BK1000:BU1000)=0), "⚠️Faltan notas del Módulo VI", ""), IF(AND(CH1000<>"", CH1000>=40, COUNTA(BW1000:CG1000)=0), "⚠️Faltan notas del Módulo VII", ""), IF(AND(CT1000<>"", CT1000>=40, COUNTA(CI1000:CS1000)=0), "⚠️Faltan notas del Módulo VIII", ""), IF(AND(DF1000<>"", DF1000>=40, COUNTA(CU1000:DE1000)=0), "⚠️Faltan notas del Módulo IX", "") ) ) | FH1000: {=IF( COUNT(DZ1000:EH1000)=0, "-", IF( COUNT(DZ1000:EH1000) < COUNTA(DZ1000:EH1000), REPT("🟩", ROUND(COUNT(DZ1000:EH1000)/COUNTA(DZ1000:EH1000)*5, 0)) & REPT("⬜", 5 - ROUND(COUNT(DZ1000:EH1000)/COUNTA(DZ1000:EH1000)*5, 0)), IF( AVERAGE(IF(DZ1000:EH1000<>"", DZ1000:EH1000, )) >= 70, "🟩🟩🟩🟩🟩", IF( AVERAGE(IF(DZ1000:EH1000<>"",DZ1000:EH1000, )) >= 56, "🟨🟨🟨🟨🟨", "🟥🟥🟥🟥🟥" ) ) ) )} -> -

Sheet ACTA EXAMEN
A1: CFP N° 403 "OSCAR SMITH" | L1: ACTA DE EXAMEN
A3: En dependencias del Centro de Formación Profesional N° 403 de la localidad de Luján domicilio en Lavalle 740 | O3: ESPECIALIDAD | X3: CURSO Nº
A4: a los ................ dias del mes de ...................................................... del año ...................... se reune la Comisión Examinadora, con el objetivo de llevar a cabo la evaluación final a los
A5: alumnos del curso cuya Especialidad y N° estan detallados en la presente, llegando al resultado que se consigna a continuación:
A6: N° | C6: N° | D6: APELLIDO Y NOMBRES | F6: ACTA I | G6: NUMERO | H6: ACTA II | I6: NUMERO | J6: ACTA III | K6: NUMERO | L6: ACTA IV | M6: NUMERO | N6: ACTA V | O6: NUMERO | P6: ACTA VI | Q6: NUMERO | R6: ACTA VII | S6: NUMERO | T6: ACTA VIII | U6: NUMERO | V6: ACTA IX | W6: NUMERO | X6: DOCUMENTO
A7: Egresado | X7: DNI | Y7: N°
C8: 1 | F8: {=IF(D8="","", IFERROR(_xlfn.XLOOKUP($D8&$E8,NOTAS!$A$8:$A1000&NOTAS!$B$8:$B1000,NOTAS!$DZ$8:$DZ1000),""))} | G8: =IF(F8="","",IF(F8="-","", numeroatexto(F8))) | H8: {=IF(F8="","", IFERROR(_xlfn.XLOOKUP($D8&$E8,NOTAS!$A$8:$A1000&NOTAS!$B$8:$B1000,NOTAS!$EA$8:$EA1000),""))} | I8: =IF(H8="","",IF(H8="-","", numeroatexto(H8))) | J8: {=IF(H8="","", IFERROR(_xlfn.XLOOKUP($D8&$E8,NOTAS!$A$8:$A$56&NOTAS!$B$8:$B$56,NOTAS!$EB$8:$EB1000),""))} | K8: =IF(J8="","",IF(J8="-","", numeroatexto(J8))) | L8: {=IF(J8="","", IFERROR(_xlfn.XLOOKUP($D8&$E8,NOTAS!$A$8:$A$56&NOTAS!$B$8:$B$56,NOTAS!$EC$8:$EC1000),""))} | M8: =IF(L8="","",IF(L8="-","", numeroatexto(L8))) | N8: {=IF(L8="","", IFERROR(_xlfn.XLOOKUP($D8&$E8,NOTAS!$A$8:$A$56&NOTAS!$B$8:$B$56,NOTAS!$ED$8:$ED1000),""))} | O8: =IF(N8="","",IF(N8="-","", numeroatexto(N8))) | P8: {=IF(N8="","", IFERROR(_xlfn.XLOOKUP($D8&$E8,NOTAS!$A$8:$A$56&NOTAS!$B$8:$B$56,NOTAS!$EE$8:$EE1000),""))} | Q8: =IF(P8="","",IF(P8="-","", numeroatexto(P8))) | R8: {=IF(P8="","", IFERROR(_xlfn.XLOOKUP($D8&$E8,NOTAS!$A$8:$A$56&NOTAS!$B$8:$B$56,NOTAS!$EF$8:$EF1000),""))} | S8: =IF(R8="","",IF(R8="-","", numeroatexto(R8))) | T8: {=IF(R8="","", IFERROR(_xlfn.XLOOKUP($D8&$E8,NOTAS!$A$8:$A$56&NOTAS!$B$8:$B$56,NOTAS!$EG$8:$EG1000),""))} | U8: =IF(T8="","",IF(T8="-","", numeroatexto(T8))) | V8: {=IF(T8="","", IFERROR(_xlfn.XLOOKUP($D8&$E8,NOTAS!$A$8:$A$56&NOTAS!$B$8:$B$56,NOTAS!$EH$8:$EH1000),""))} | W8: =IF(V8="","",IF(V8="-","", numeroatexto(V8))) | X8: DNI | Y8: {=_xlfn.XLOOKUP($D8&$E8,'DATOS ESTUDIANTES'!$A$3:$A1000&'DATOS ESTUDIANTES'!$B$3:$B1000,'DATOS ESTUDIANTES'!$C$3:$C1000,"")}
C9: 2 | F9: {=IF(D9="","", IFERROR(_xlfn.XLOOKUP($D9&$E9,NOTAS!$A$8:$A1000&NOTAS!$B$8:$B1000,NOTAS!$DZ$8:$DZ1000),""))} | G9: =IF(F9="","",IF(F9="-","", numeroatexto(F9))) | H9: {=IF(F9="","", IFERROR(_xlfn.XLOOKUP($D9&$E9,NOTAS!$A$8:$A1000&NOTAS!$B$8:$B1000,NOTAS!$EA$8:$EA1000),""))} | I9: =IF(H9="","",IF(H9="-","", numeroatexto(H9))) | J9: {=IF(H9="","", IFERROR(_xlfn.XLOOKUP($D9&$E9,NOTAS!$A$8:$A$56&NOTAS!$B$8:$B$56,NOTAS!$EB$8:$EB1000),""))} | K9: =IF(J9="","",IF(J9="-","", numeroatexto(J9))) | L9: {=IF(J9="","", IFERROR(_xlfn.XLOOKUP($D9&$E9,NOTAS!$A$8:$A$56&NOTAS!$B$8:$B$56,NOTAS!$EC$8:$EC1000),""))} | M9: =IF(L9="","",IF(L9="-","", numeroatexto(L9))) | N9: {=IF(L9="","", IFERROR(_xlfn.XLOOKUP($D9&$E9,NOTAS!$A$8:$A$56&NOTAS!$B$8:$B$56,NOTAS!$ED$8:$ED1000),""))} | O9: =IF(N9="","",IF(N9="-","", numeroatexto(N9))) | P9: {=IF(N9="","", IFERROR(_xlfn.XLOOKUP($D9&$E9,NOTAS!$A$8:$A$56&NOTAS!$B$8:$B$56,NOTAS!$EE$8:$EE1000),""))} | Q9: =IF(P9="","",IF(P9="-","", numeroatexto(P9))) | R9: {=IF(P9="","", IFERROR(_xlfn.XLOOKUP($D9&$E9,NOTAS!$A$8:$A$56&NOTAS!$B$8:$B$56,NOTAS!$EF$8:$EF1000),""))} | S9: =IF(R9="","",IF(R9="-","", numeroatexto(R9))) | T9: {=IF(R9="","", IFERROR(_xlfn.XLOOKUP($D9&$E9,NOTAS!$A$8:$A$56&NOTAS!$B$8:$B$56,NOTAS!$EG$8:$EG1000),""))} | U9: =IF(T9="","",IF(T9="-","", numeroatexto(T9))) | V9: {=IF(T9="","", IFERROR(_xlfn.XLOOKUP($D9&$E9,NOTAS!$A$8:$A$56&NOTAS!$B$8:$B$56,NOTAS!$EH$8:$EH1000),""))} | W9: =IF(V9="","",IF(V9="-","", numeroatexto(V9))) | X9: DNI | Y9: {=_xlfn.XLOOKUP($D9&$E9,'DATOS ESTUDIANTES'!$A$3:$A1000&'DATOS ESTUDIANTES'!$B$3:$B1000,'DATOS ESTUDIANTES'!$C$3:$C1000,"")}
C10: 3 | F10: {=IF(D10="","", IFERROR(_xlfn.XLOOKUP($D10&$E10,NOTAS!$A$8:$A1000&NOTAS!$B$8:$B1000,NOTAS!$DZ$8:$DZ1000),""))} | G10: =IF(F10="","",IF(F10="-","", numeroatexto(F10))) | H10: {=IF(F10="","", IFERROR(_xlfn.XLOOKUP($D10&$E10,NOTAS!$A$8:$A1000&NOTAS!$B$8:$B1000,NOTAS!$EA$8:$EA1000),""))} | I10: =IF(H10="","",IF(H10="-","", numeroatexto(H10))) | J10: {=IF(H10="","", IFERROR(_xlfn.XLOOKUP($D10&$E10,NOTAS!$A$8:$A$56&NOTAS!$B$8:$B$56,NOTAS!$EB$8:$EB1000),""))} | K10: =IF(J10="","",IF(J10="-","", numeroatexto(J10))) | L10: {=IF(J10="","", IFERROR(_xlfn.XLOOKUP($D10&$E10,NOTAS!$A$8:$A$56&NOTAS!$B$8:$B$56,NOTAS!$EC$8:$EC1000),""))} | M10: =IF(L10="","",IF(L10="-","", numeroatexto(L10))) | N10: {=IF(L10="","", IFERROR(_xlfn.XLOOKUP($D10&$E10,NOTAS!$A$8:$A$56&NOTAS!$B$8:$B$56,NOTAS!$ED$8:$ED1000),""))} | O10: =IF(N10="","",IF(N10="-","", numeroatexto(N10))) | P10: {=IF(N10="","", IFERROR(_xlfn.XLOOKUP($D10&$E10,NOTAS!$A$8:$A$56&NOTAS!$B$8:$B$56,NOTAS!$EE$8:$EE1000),""))} | Q10: =IF(P10="","",IF(P10="-","", numeroatexto(P10))) | R10: {=IF(P10="","", IFERROR(_xlfn.XLOOKUP($D10&$E10,NOTAS!$A$8:$A$56&NOTAS!$B$8:$B$56,NOTAS!$EF$8:$EF1000),""))} | S10: =IF(R10="","",IF(R10="-","", numeroatexto(R10))) | T10: {=IF(R10="","", IFERROR(_xlfn.XLOOKUP($D10&$E10,NOTAS!$A$8:$A$56&NOTAS!$B$8:$B$56,NOTAS!$EG$8:$EG1000),""))} | U10: =IF(T10="","",IF(T10="-","", numeroatexto(T10))) | V10: {=IF(T10="","", IFERROR(_xlfn.XLOOKUP($D10&$E10,NOTAS!$A$8:$A$56&NOTAS!$B$8:$B$56,NOTAS!$EH$8:$EH1000),""))} | W10: =IF(V10="","",IF(V10="-","", numeroatexto(V10))) | X10: DNI | Y10: {=_xlfn.XLOOKUP($D10&$E10,'DATOS ESTUDIANTES'!$A$3:$A1000&'DATOS ESTUDIANTES'!$B$3:$B1000,'DATOS ESTUDIANTES'!$C$3:$C1000,"")}
C11: 4 | F11: {=IF(D11="","", IFERROR(_xlfn.XLOOKUP($D11&$E11,NOTAS!$A$8:$A1000&NOTAS!$B$8:$B1000,NOTAS!$DZ$8:$DZ1000),""))} | G11: =IF(F11="","",IF(F11="-","", numeroatexto(F11))) | H11: {=IF(F11="","", IFERROR(_xlfn.XLOOKUP($D11&$E11,NOTAS!$A$8:$A1000&NOTAS!$B$8:$B1000,NOTAS!$EA$8:$EA1000),""))} | I11: =IF(H11="","",IF(H11="-","", numeroatexto(H11))) | J11: {=IF(H11="","", IFERROR(_xlfn.XLOOKUP($D11&$E11,NOTAS!$A$8:$A$56&NOTAS!$B$8:$B$56,NOTAS!$EB$8:$EB1000),""))} | K11: =IF(J11="","",IF(J11="-","", numeroatexto(J11))) | L11: {=IF(J11="","", IFERROR(_xlfn.XLOOKUP($D11&$E11,NOTAS!$A$8:$A$56&NOTAS!$B$8:$B$56,NOTAS!$EC$8:$EC1000),""))} | M11: =IF(L11="","",IF(L11="-","", numeroatexto(L11))) | N11: {=IF(L11="","", IFERROR(_xlfn.XLOOKUP($D11&$E11,NOTAS!$A$8:$A$56&NOTAS!$B$8:$B$56,NOTAS!$ED$8:$ED1000),""))} | O11: =IF(N11="","",IF(N11="-","", numeroatexto(N11))) | P11: {=IF(N11="","", IFERROR(_xlfn.XLOOKUP($D11&$E11,NOTAS!$A$8:$A$56&NOTAS!$B$8:$B$56,NOTAS!$EE$8:$EE1000),""))} | Q11: =IF(P11="","",IF(P11="-","", numeroatexto(P11))) | R11: {=IF(P11="","", IFERROR(_xlfn.XLOOKUP($D11&$E11,NOTAS!$A$8:$A$56&NOTAS!$B$8:$B$56,NOTAS!$EF$8:$EF1000),""))} | S11: =IF(R11="","",IF(R11="-","", numeroatexto(R11))) | T11: {=IF(R11="","", IFERROR(_xlfn.XLOOKUP($D11&$E11,NOTAS!$A$8:$A$56&NOTAS!$B$8:$B$56,NOTAS!$EG$8:$EG1000),""))} | U11: =IF(T11="","",IF(T11="-","", numeroatexto(T11))) | V11: {=IF(T11="","", IFERROR(_xlfn.XLOOKUP($D11&$E11,NOTAS!$A$8:$A$56&NOTAS!$B$8:$B$56,NOTAS!$EH$8:$EH1000),""))} | W11: =IF(V11="","",IF(V11="-","", numeroatexto(V11))) | X11: DNI | Y11: {=_xlfn.XLOOKUP($D11&$E11,'DATOS ESTUDIANTES'!$A$3:$A1000&'DATOS ESTUDIANTES'!$B$3:$B1000,'DATOS ESTUDIANTES'!$C$3:$C1000,"")}
C12: 5 | F12: {=IF(D12="","", IFERROR(_xlfn.XLOOKUP($D12&$E12,NOTAS!$A$8:$A1000&NOTAS!$B$8:$B1000,NOTAS!$DZ$8:$DZ1000),""))} | G12: =IF(F12="","",IF(F12="-","", numeroatexto(F12))) | H12: {=IF(F12="","", IFERROR(_xlfn.XLOOKUP($D12&$E12,NOTAS!$A$8:$A1000&NOTAS!$B$8:$B1000,NOTAS!$EA$8:$EA1000),""))} | I12: =IF(H12="","",IF(H12="-","", numeroatexto(H12))) | J12: {=IF(H12="","", IFERROR(_xlfn.XLOOKUP($D12&$E12,NOTAS!$A$8:$A$56&NOTAS!$B$8:$B$56,NOTAS!$EB$8:$EB1000),""))} | K12: =IF(J12="","",IF(J12="-","", numeroatexto(J12))) | L12: {=IF(J12="","", IFERROR(_xlfn.XLOOKUP($D12&$E12,NOTAS!$A$8:$A$56&NOTAS!$B$8:$B$56,NOTAS!$EC$8:$EC1000),""))} | M12: =IF(L12="","",IF(L12="-","", numeroatexto(L12))) | N12: {=IF(L12="","", IFERROR(_xlfn.XLOOKUP($D12&$E12,NOTAS!$A$8:$A$56&NOTAS!$B$8:$B$56,NOTAS!$ED$8:$ED1000),""))} | O12: =IF(N12="","",IF(N12="-","", numeroatexto(N12))) | P12: {=IF(N12="","", IFERROR(_xlfn.XLOOKUP($D12&$E12,NOTAS!$A$8:$A$56&NOTAS!$B$8:$B$56,NOTAS!$EE$8:$EE1000),""))} | Q12: =IF(P12="","",IF(P12="-","", numeroatexto(P12))) | R12: {=IF(P12="","", IFERROR(_xlfn.XLOOKUP($D12&$E12,NOTAS!$A$8:$A$56&NOTAS!$B$8:$B$56,NOTAS!$EF$8:$EF1000),""))} | S12: =IF(R12="","",IF(R12="-","", numeroatexto(R12))) | T12: {=IF(R12="","", IFERROR(_xlfn.XLOOKUP($D12&$E12,NOTAS!$A$8:$A$56&NOTAS!$B$8:$B$56,NOTAS!$EG$8:$EG1000),""))} | U12: =IF(T12="","",IF(T12="-","", numeroatexto(T12))) | V12: {=IF(T12="","", IFERROR(_xlfn.XLOOKUP($D12&$E12,NOTAS!$A$8:$A$56&NOTAS!$B$8:$B$56,NOTAS!$EH$8:$EH1000),""))} | W12: =IF(V12="","",IF(V12="-","", numeroatexto(V12))) | X12: DNI | Y12: {=_xlfn.XLOOKUP($D12&$E12,'DATOS ESTUDIANTES'!$A$3:$A1000&'DATOS ESTUDIANTES'!$B$3:$B1000,'DATOS ESTUDIANTES'!$C$3:$C1000,"")}
C13: 6 | F13: {=IF(D13="","", IFERROR(_xlfn.XLOOKUP($D13&$E13,NOTAS!$A$8:$A1000&NOTAS!$B$8:$B1000,NOTAS!$DZ$8:$DZ1000),""))} | G13: =IF(F13="","",IF(F13="-","", numeroatexto(F13))) | H13: {=IF(F13="","", IFERROR(_xlfn.XLOOKUP($D13&$E13,NOTAS!$A$8:$A1000&NOTAS!$B$8:$B1000,NOTAS!$EA$8:$EA1000),""))} | I13: =IF(H13="","",IF(H13="-","", numeroatexto(H13))) | J13: {=IF(H13="","", IFERROR(_xlfn.XLOOKUP($D13&$E13,NOTAS!$A$8:$A$56&NOTAS!$B$8:$B$56,NOTAS!$EB$8:$EB1000),""))} | K13: =IF(J13="","",IF(J13="-","", numeroatexto(J13))) | L13: {=IF(J13="","", IFERROR(_xlfn.XLOOKUP($D13&$E13,NOTAS!$A$8:$A$56&NOTAS!$B$8:$B$56,NOTAS!$EC$8:$EC1000),""))} | M13: =IF(L13="","",IF(L13="-","", numeroatexto(L13))) | N13: {=IF(L13="","", IFERROR(_xlfn.XLOOKUP($D13&$E13,NOTAS!$A$8:$A$56&NOTAS!$B$8:$B$56,NOTAS!$ED$8:$ED1000),""))} | O13: =IF(N13="","",IF(N13="-","", numeroatexto(N13))) | P13: {=IF(N13="","", IFERROR(_xlfn.XLOOKUP($D13&$E13,NOTAS!$A$8:$A$56&NOTAS!$B$8:$B$56,NOTAS!$EE$8:$EE1000),""))} | Q13: =IF(P13="","",IF(P13="-","", numeroatexto(P13))) | R13: {=IF(P13="","", IFERROR(_xlfn.XLOOKUP($D13&$E13,NOTAS!$A$8:$A$56&NOTAS!$B$8:$B$56,NOTAS!$EF$8:$EF1000),""))} | S13: =IF(R13="","",IF(R13="-","", numeroatexto(R13))) | T13: {=IF(R13="","", IFERROR(_xlfn.XLOOKUP($D13&$E13,NOTAS!$A$8:$A$56&NOTAS!$B$8:$B$56,NOTAS!$EG$8:$EG1000),""))} | U13: =IF(T13="","",IF(T13="-","", numeroatexto(T13))) | V13: {=IF(T13="","", IFERROR(_xlfn.XLOOKUP($D13&$E13,NOTAS!$A$8:$A$56&NOTAS!$B$8:$B$56,NOTAS!$EH$8:$EH1000),""))} | W13: =IF(V13="","",IF(V13="-","", numeroatexto(V13))) | X13: DNI | Y13: {=_xlfn.XLOOKUP($D13&$E13,'DATOS ESTUDIANTES'!$A$3:$A1000&'DATOS ESTUDIANTES'!$B$3:$B1000,'DATOS ESTUDIANTES'!$C$3:$C1000,"")}
C14: 7 | F14: {=IF(D14="","", IFERROR(_xlfn.XLOOKUP($D14&$E14,NOTAS!$A$8:$A1000&NOTAS!$B$8:$B1000,NOTAS!$DZ$8:$DZ1000),""))} | G14: =IF(F14="","",IF(F14="-","", numeroatexto(F14))) | H14: {=IF(F14="","", IFERROR(_xlfn.XLOOKUP($D14&$E14,NOTAS!$A$8:$A1000&NOTAS!$B$8:$B1000,NOTAS!$EA$8:$EA1000),""))} | I14: =IF(H14="","",IF(H14="-","", numeroatexto(H14))) | J14: {=IF(H14="","", IFERROR(_xlfn.XLOOKUP($D14&$E14,NOTAS!$A$8:$A$56&NOTAS!$B$8:$B$56,NOTAS!$EB$8:$EB1000),""))} | K14: =IF(J14="","",IF(J14="-","", numeroatexto(J14))) | L14: {=IF(J14="","", IFERROR(_xlfn.XLOOKUP($D14&$E14,NOTAS!$A$8:$A$56&NOTAS!$B$8:$B$56,NOTAS!$EC$8:$EC1000),""))} | M14: =IF(L14="","",IF(L14="-","", numeroatexto(L14))) | N14: {=IF(L14="","", IFERROR(_xlfn.XLOOKUP($D14&$E14,NOTAS!$A$8:$A$56&NOTAS!$B$8:$B$56,NOTAS!$ED$8:$ED1000),""))} | O14: =IF(N14="","",IF(N14="-","", numeroatexto(N14))) | P14: {=IF(N14="","", IFERROR(_xlfn.XLOOKUP($D14&$E14,NOTAS!$A$8:$A$56&NOTAS!$B$8:$B$56,NOTAS!$EE$8:$EE1000),""))} | Q14: =IF(P14="","",IF(P14="-","", numeroatexto(P14))) | R14: {=IF(P14="","", IFERROR(_xlfn.XLOOKUP($D14&$E14,NOTAS!$A$8:$A$56&NOTAS!$B$8:$B$56,NOTAS!$EF$8:$EF1000),""))} | S14: =IF(R14="","",IF(R14="-","", numeroatexto(R14))) | T14: {=IF(R14="","", IFERROR(_xlfn.XLOOKUP($D14&$E14,NOTAS!$A$8:$A$56&NOTAS!$B$8:$B$56,NOTAS!$EG$8:$EG1000),""))} | U14: =IF(T14="","",IF(T14="-","", numeroatexto(T14))) | V14: {=IF(T14="","", IFERROR(_xlfn.XLOOKUP($D14&$E14,NOTAS!$A$8:$A$56&NOTAS!$B$8:$B$56,NOTAS!$EH$8:$EH1000),""))} | W14: =IF(V14="","",IF(V14="-","", numeroatexto(V14))) | X14: DNI | Y14: {=_xlfn.XLOOKUP($D14&$E14,'DATOS ESTUDIANTES'!$A$3:$A1000&'DATOS ESTUDIANTES'!$B$3:$B1000,'DATOS ESTUDIANTES'!$C$3:$C1000,"")}
C15: 8 | F15: {=IF(D15="","", IFERROR(_xlfn.XLOOKUP($D15&$E15,NOTAS!$A$8:$A1000&NOTAS!$B$8:$B1000,NOTAS!$DZ$8:$DZ1000),""))} | G15: =IF(F15="","",IF(F15="-","", numeroatexto(F15))) | H15: {=IF(F15="","", IFERROR(_xlfn.XLOOKUP($D15&$E15,NOTAS!$A$8:$A1000&NOTAS!$B$8:$B1000,NOTAS!$EA$8:$EA1000),""))} | I15: =IF(H15="","",IF(H15="-","", numeroatexto(H15))) | J15: {=IF(H15="","", IFERROR(_xlfn.XLOOKUP($D15&$E15,NOTAS!$A$8:$A$56&NOTAS!$B$8:$B$56,NOTAS!$EB$8:$EB1000),""))} | K15: =IF(J15="","",IF(J15="-","", numeroatexto(J15))) | L15: {=IF(J15="","", IFERROR(_xlfn.XLOOKUP($D15&$E15,NOTAS!$A$8:$A$56&NOTAS!$B$8:$B$56,NOTAS!$EC$8:$EC1000),""))} | M15: =IF(L15="","",IF(L15="-","", numeroatexto(L15))) | N15: {=IF(L15="","", IFERROR(_xlfn.XLOOKUP($D15&$E15,NOTAS!$A$8:$A$56&NOTAS!$B$8:$B$56,NOTAS!$ED$8:$ED1000),""))} | O15: =IF(N15="","",IF(N15="-","", numeroatexto(N15))) | P15: {=IF(N15="","", IFERROR(_xlfn.XLOOKUP($D15&$E15,NOTAS!$A$8:$A$56&NOTAS!$B$8:$B$56,NOTAS!$EE$8:$EE1000),""))} | Q15: =IF(P15="","",IF(P15="-","", numeroatexto(P15))) | R15: {=IF(P15="","", IFERROR(_xlfn.XLOOKUP($D15&$E15,NOTAS!$A$8:$A$56&NOTAS!$B$8:$B$56,NOTAS!$EF$8:$EF1000),""))} | S15: =IF(R15="","",IF(R15="-","", numeroatexto(R15))) | T15: {=IF(R15="","", IFERROR(_xlfn.XLOOKUP($D15&$E15,NOTAS!$A$8:$A$56&NOTAS!$B$8:$B$56,NOTAS!$EG$8:$EG1000),""))} | U15: =IF(T15="","",IF(T15="-","", numeroatexto(T15))) | V15: {=IF(T15="","", IFERROR(_xlfn.XLOOKUP($D15&$E15,NOTAS!$A$8:$A$56&NOTAS!$B$8:$B$56,NOTAS!$EH$8:$EH1000),""))} | W15: =IF(V15="","",IF(V15="-","", numeroatexto(V15))) | X15: DNI | Y15: {=_xlfn.XLOOKUP($D15&$E15,'DATOS ESTUDIANTES'!$A$3:$A1000&'DATOS ESTUDIANTES'!$B$3:$B1000,'DATOS ESTUDIANTES'!$C$3:$C1000,"")}
C16: 9 | F16: {=IF(D16="","", IFERROR(_xlfn.XLOOKUP($D16&$E16,NOTAS!$A$8:$A1000&NOTAS!$B$8:$B1000,NOTAS!$DZ$8:$DZ1000),""))} | G16: =IF(F16="","",IF(F16="-","", numeroatexto(F16))) | H16: {=IF(F16="","", IFERROR(_xlfn.XLOOKUP($D16&$E16,NOTAS!$A$8:$A1000&NOTAS!$B$8:$B1000,NOTAS!$EA$8:$EA1000),""))} | I16: =IF(H16="","",IF(H16="-","", numeroatexto(H16))) | J16: {=IF(H16="","", IFERROR(_xlfn.XLOOKUP($D16&$E16,NOTAS!$A$8:$A$56&NOTAS!$B$8:$B$56,NOTAS!$EB$8:$EB1000),""))} | K16: =IF(J16="","",IF(J16="-","", numeroatexto(J16))) | L16: {=IF(J16="","", IFERROR(_xlfn.XLOOKUP($D16&$E16,NOTAS!$A$8:$A$56&NOTAS!$B$8:$B$56,NOTAS!$EC$8:$EC1000),""))} | M16: =IF(L16="","",IF(L16="-","", numeroatexto(L16))) | N16: {=IF(L16="","", IFERROR(_xlfn.XLOOKUP($D16&$E16,NOTAS!$A$8:$A$56&NOTAS!$B$8:$B$56,NOTAS!$ED$8:$ED1000),""))} | O16: =IF(N16="","",IF(N16="-","", numeroatexto(N16))) | P16: {=IF(N16="","", IFERROR(_xlfn.XLOOKUP($D16&$E16,NOTAS!$A$8:$A$56&NOTAS!$B$8:$B$56,NOTAS!$EE$8:$EE1000),""))} | Q16: =IF(P16="","",IF(P16="-","", numeroatexto(P16))) | R16: {=IF(P16="","", IFERROR(_xlfn.XLOOKUP($D16&$E16,NOTAS!$A$8:$A$56&NOTAS!$B$8:$B$56,NOTAS!$EF$8:$EF1000),""))} | S16: =IF(R16="","",IF(R16="-","", numeroatexto(R16))) | T16: {=IF(R16="","", IFERROR(_xlfn.XLOOKUP($D16&$E16,NOTAS!$A$8:$A$56&NOTAS!$B$8:$B$56,NOTAS!$EG$8:$EG1000),""))} | U16: =IF(T16="","",IF(T16="-","", numeroatexto(T16))) | V16: {=IF(T16="","", IFERROR(_xlfn.XLOOKUP($D16&$E16,NOTAS!$A$8:$A$56&NOTAS!$B$8:$B$56,NOTAS!$EH$8:$EH1000),""))} | W16: =IF(V16="","",IF(V16="-","", numeroatexto(V16))) | X16: DNI | Y16: {=_xlfn.XLOOKUP($D16&$E16,'DATOS ESTUDIANTES'!$A$3:$A1000&'DATOS ESTUDIANTES'!$B$3:$B1000,'DATOS ESTUDIANTES'!$C$3:$C1000,"")}
C17: 10 | F17: {=IF(D17="","", IFERROR(_xlfn.XLOOKUP($D17&$E17,NOTAS!$A$8:$A1000&NOTAS!$B$8:$B1000,NOTAS!$DZ$8:$DZ1000),""))} | G17: =IF(F17="","",IF(F17="-","", numeroatexto(F17))) | H17: {=IF(F17="","", IFERROR(_xlfn.XLOOKUP($D17&$E17,NOTAS!$A$8:$A1000&NOTAS!$B$8:$B1000,NOTAS!$EA$8:$EA1000),""))} | I17: =IF(H17="","",IF(H17="-","", numeroatexto(H17))) | J17: {=IF(H17="","", IFERROR(_xlfn.XLOOKUP($D17&$E17,NOTAS!$A$8:$A$56&NOTAS!$B$8:$B$56,NOTAS!$EB$8:$EB1000),""))} | K17: =IF(J17="","",IF(J17="-","", numeroatexto(J17))) | L17: {=IF(J17="","", IFERROR(_xlfn.XLOOKUP($D17&$E17,NOTAS!$A$8:$A$56&NOTAS!$B$8:$B$56,NOTAS!$EC$8:$EC1000),""))} | M17: =IF(L17="","",IF(L17="-","", numeroatexto(L17))) | N17: {=IF(L17="","", IFERROR(_xlfn.XLOOKUP($D17&$E17,NOTAS!$A$8:$A$56&NOTAS!$B$8:$B$56,NOTAS!$ED$8:$ED1000),""))} | O17: =IF(N17="","",IF(N17="-","", numeroatexto(N17))) | P17: {=IF(N17="","", IFERROR(_xlfn.XLOOKUP($D17&$E17,NOTAS!$A$8:$A$56&NOTAS!$B$8:$B$56,NOTAS!$EE$8:$EE1000),""))} | Q17: =IF(P17="","",IF(P17="-","", numeroatexto(P17))) | R17: {=IF(P17="","", IFERROR(_xlfn.XLOOKUP($D17&$E17,NOTAS!$A$8:$A$56&NOTAS!$B$8:$B$56,NOTAS!$EF$8:$EF1000),""))} | S17: =IF(R17="","",IF(R17="-","", numeroatexto(R17))) | T17: {=IF(R17="","", IFERROR(_xlfn.XLOOKUP($D17&$E17,NOTAS!$A$8:$A$56&NOTAS!$B$8:$B$56,NOTAS!$EG$8:$EG1000),""))} | U17: =IF(T17="","",IF(T17="-","", numeroatexto(T17))) | V17: {=IF(T17="","", IFERROR(_xlfn.XLOOKUP($D17&$E17,NOTAS!$A$8:$A$56&NOTAS!$B$8:$B$56,NOTAS!$EH$8:$EH1000),""))} | W17: =IF(V17="","",IF(V17="-","", numeroatexto(V17))) | X17: DNI | Y17: {=_xlfn.XLOOKUP($D17&$E17,'DATOS ESTUDIANTES'!$A$3:$A1000&'DATOS ESTUDIANTES'!$B$3:$B1000,'DATOS ESTUDIANTES'!$C$3:$C1000,"")}
C18: 11 | F18: {=IF(D18="","", IFERROR(_xlfn.XLOOKUP($D18&$E18,NOTAS!$A$8:$A1000&NOTAS!$B$8:$B1000,NOTAS!$DZ$8:$DZ1000),""))} | G18: =IF(F18="","",IF(F18="-","", numeroatexto(F18))) | H18: {=IF(F18="","", IFERROR(_xlfn.XLOOKUP($D18&$E18,NOTAS!$A$8:$A1000&NOTAS!$B$8:$B1000,NOTAS!$EA$8:$EA1000),""))} | I18: =IF(H18="","",IF(H18="-","", numeroatexto(H18))) | J18: {=IF(H18="","", IFERROR(_xlfn.XLOOKUP($D18&$E18,NOTAS!$A$8:$A$56&NOTAS!$B$8:$B$56,NOTAS!$EB$8:$EB1000),""))} | K18: =IF(J18="","",IF(J18="-","", numeroatexto(J18))) | L18: {=IF(J18="","", IFERROR(_xlfn.XLOOKUP($D18&$E18,NOTAS!$A$8:$A$56&NOTAS!$B$8:$B$56,NOTAS!$EC$8:$EC1000),""))} | M18: =IF(L18="","",IF(L18="-","", numeroatexto(L18))) | N18: {=IF(L18="","", IFERROR(_xlfn.XLOOKUP($D18&$E18,NOTAS!$A$8:$A$56&NOTAS!$B$8:$B$56,NOTAS!$ED$8:$ED1000),""))} | O18: =IF(N18="","",IF(N18="-","", numeroatexto(N18))) | P18: {=IF(N18="","", IFERROR(_xlfn.XLOOKUP($D18&$E18,NOTAS!$A$8:$A$56&NOTAS!$B$8:$B$56,NOTAS!$EE$8:$EE1000),""))} | Q18: =IF(P18="","",IF(P18="-","", numeroatexto(P18))) | R18: {=IF(P18="","", IFERROR(_xlfn.XLOOKUP($D18&$E18,NOTAS!$A$8:$A$56&NOTAS!$B$8:$B$56,NOTAS!$EF$8:$EF1000),""))} | S18: =IF(R18="","",IF(R18="-","", numeroatexto(R18))) | T18: {=IF(R18="","", IFERROR(_xlfn.XLOOKUP($D18&$E18,NOTAS!$A$8:$A$56&NOTAS!$B$8:$B$56,NOTAS!$EG$8:$EG1000),""))} | U18: =IF(T18="","",IF(T18="-","", numeroatexto(T18))) | V18: {=IF(T18="","", IFERROR(_xlfn.XLOOKUP($D18&$E18,NOTAS!$A$8:$A$56&NOTAS!$B$8:$B$56,NOTAS!$EH$8:$EH1000),""))} | W18: =IF(V18="","",IF(V18="-","", numeroatexto(V18))) | X18: DNI | Y18: {=_xlfn.XLOOKUP($D18&$E18,'DATOS ESTUDIANTES'!$A$3:$A1000&'DATOS ESTUDIANTES'!$B$3:$B1000,'DATOS ESTUDIANTES'!$C$3:$C1000,"")}
C19: 12 | F19: {=IF(D19="","", IFERROR(_xlfn.XLOOKUP($D19&$E19,NOTAS!$A$8:$A1000&NOTAS!$B$8:$B1000,NOTAS!$DZ$8:$DZ1000),""))} | G19: =IF(F19="","",IF(F19="-","", numeroatexto(F19))) | H19: {=IF(F19="","", IFERROR(_xlfn.XLOOKUP($D19&$E19,NOTAS!$A$8:$A1000&NOTAS!$B$8:$B1000,NOTAS!$EA$8:$EA1000),""))} | I19: =IF(H19="","",IF(H19="-","", numeroatexto(H19))) | J19: {=IF(H19="","", IFERROR(_xlfn.XLOOKUP($D19&$E19,NOTAS!$A$8:$A$56&NOTAS!$B$8:$B$56,NOTAS!$EB$8:$EB1000),""))} | K19: =IF(J19="","",IF(J19="-","", numeroatexto(J19))) | L19: {=IF(J19="","", IFERROR(_xlfn.XLOOKUP($D19&$E19,NOTAS!$A$8:$A$56&NOTAS!$B$8:$B$56,NOTAS!$EC$8:$EC1000),""))} | M19: =IF(L19="","",IF(L19="-","", numeroatexto(L19))) | N19: {=IF(L19="","", IFERROR(_xlfn.XLOOKUP($D19&$E19,NOTAS!$A$8:$A$56&NOTAS!$B$8:$B$56,NOTAS!$ED$8:$ED1000),""))} | O19: =IF(N19="","",IF(N19="-","", numeroatexto(N19))) | P19: {=IF(N19="","", IFERROR(_xlfn.XLOOKUP($D19&$E19,NOTAS!$A$8:$A$56&NOTAS!$B$8:$B$56,NOTAS!$EE$8:$EE1000),""))} | Q19: =IF(P19="","",IF(P19="-","", numeroatexto(P19))) | R19: {=IF(P19="","", IFERROR(_xlfn.XLOOKUP($D19&$E19,NOTAS!$A$8:$A$56&NOTAS!$B$8:$B$56,NOTAS!$EF$8:$EF1000),""))} | S19: =IF(R19="","",IF(R19="-","", numeroatexto(R19))) | T19: {=IF(R19="","", IFERROR(_xlfn.XLOOKUP($D19&$E19,NOTAS!$A$8:$A$56&NOTAS!$B$8:$B$56,NOTAS!$EG$8:$EG1000),""))} | U19: =IF(T19="","",IF(T19="-","", numeroatexto(T19))) | V19: {=IF(T19="","", IFERROR(_xlfn.XLOOKUP($D19&$E19,NOTAS!$A$8:$A$56&NOTAS!$B$8:$B$56,NOTAS!$EH$8:$EH1000),""))} | W19: =IF(V19="","",IF(V19="-","", numeroatexto(V19))) | X19: DNI | Y19: {=_xlfn.XLOOKUP($D19&$E19,'DATOS ESTUDIANTES'!$A$3:$A1000&'DATOS ESTUDIANTES'!$B$3:$B1000,'DATOS ESTUDIANTES'!$C$3:$C1000,"")}
C20: 13 | F20: {=IF(D20="","", IFERROR(_xlfn.XLOOKUP($D20&$E20,NOTAS!$A$8:$A1000&NOTAS!$B$8:$B1000,NOTAS!$DZ$8:$DZ1000),""))} | G20: =IF(F20="","",IF(F20="-","", numeroatexto(F20))) | H20: {=IF(F20="","", IFERROR(_xlfn.XLOOKUP($D20&$E20,NOTAS!$A$8:$A1000&NOTAS!$B$8:$B1000,NOTAS!$EA$8:$EA1000),""))} | I20: =IF(H20="","",IF(H20="-","", numeroatexto(H20))) | J20: {=IF(H20="","", IFERROR(_xlfn.XLOOKUP($D20&$E20,NOTAS!$A$8:$A$56&NOTAS!$B$8:$B$56,NOTAS!$EB$8:$EB1000),""))} | K20: =IF(J20="","",IF(J20="-","", numeroatexto(J20))) | L20: {=IF(J20="","", IFERROR(_xlfn.XLOOKUP($D20&$E20,NOTAS!$A$8:$A$56&NOTAS!$B$8:$B$56,NOTAS!$EC$8:$EC1000),""))} | M20: =IF(L20="","",IF(L20="-","", numeroatexto(L20))) | N20: {=IF(L20="","", IFERROR(_xlfn.XLOOKUP($D20&$E20,NOTAS!$A$8:$A$56&NOTAS!$B$8:$B$56,NOTAS!$ED$8:$ED1000),""))} | O20: =IF(N20="","",IF(N20="-","", numeroatexto(N20))) | P20: {=IF(N20="","", IFERROR(_xlfn.XLOOKUP($D20&$E20,NOTAS!$A$8:$A$56&NOTAS!$B$8:$B$56,NOTAS!$EE$8:$EE1000),""))} | Q20: =IF(P20="","",IF(P20="-","", numeroatexto(P20))) | R20: {=IF(P20="","", IFERROR(_xlfn.XLOOKUP($D20&$E20,NOTAS!$A$8:$A$56&NOTAS!$B$8:$B$56,NOTAS!$EF$8:$EF1000),""))} | S20: =IF(R20="","",IF(R20="-","", numeroatexto(R20))) | T20: {=IF(R20="","", IFERROR(_xlfn.XLOOKUP($D20&$E20,NOTAS!$A$8:$A$56&NOTAS!$B$8:$B$56,NOTAS!$EG$8:$EG1000),""))} | U20: =IF(T20="","",IF(T20="-","", numeroatexto(T20))) | V20: {=IF(T20="","", IFERROR(_xlfn.XLOOKUP($D20&$E20,NOTAS!$A$8:$A$56&NOTAS!$B$8:$B$56,NOTAS!$EH$8:$EH1000),""))} | W20: =IF(V20="","",IF(V20="-","", numeroatexto(V20))) | X20: DNI | Y20: {=_xlfn.XLOOKUP($D20&$E20,'DATOS ESTUDIANTES'!$A$3:$A1000&'DATOS ESTUDIANTES'!$B$3:$B1000,'DATOS ESTUDIANTES'!$C$3:$C1000,"")}
C21: 14 | F21: {=IF(D21="","", IFERROR(_xlfn.XLOOKUP($D21&$E21,NOTAS!$A$8:$A1000&NOTAS!$B$8:$B1000,NOTAS!$DZ$8:$DZ1000),""))} | G21: =IF(F21="","",IF(F21="-","", numeroatexto(F21))) | H21: {=IF(F21="","", IFERROR(_xlfn.XLOOKUP($D21&$E21,NOTAS!$A$8:$A1000&NOTAS!$B$8:$B1000,NOTAS!$EA$8:$EA1000),""))} | I21: =IF(H21="","",IF(H21="-","", numeroatexto(H21))) | J21: {=IF(H21="","", IFERROR(_xlfn.XLOOKUP($D21&$E21,NOTAS!$A$8:$A$56&NOTAS!$B$8:$B$56,NOTAS!$EB$8:$EB1000),""))} | K21: =IF(J21="","",IF(J21="-","", numeroatexto(J21))) | L21: {=IF(J21="","", IFERROR(_xlfn.XLOOKUP($D21&$E21,NOTAS!$A$8:$A$56&NOTAS!$B$8:$B$56,NOTAS!$EC$8:$EC1000),""))} | M21: =IF(L21="","",IF(L21="-","", numeroatexto(L21))) | N21: {=IF(L21="","", IFERROR(_xlfn.XLOOKUP($D21&$E21,NOTAS!$A$8:$A$56&NOTAS!$B$8:$B$56,NOTAS!$ED$8:$ED1000),""))} | O21: =IF(N21="","",IF(N21="-","", numeroatexto(N21))) | P21: {=IF(N21="","", IFERROR(_xlfn.XLOOKUP($D21&$E21,NOTAS!$A$8:$A$56&NOTAS!$B$8:$B$56,NOTAS!$EE$8:$EE1000),""))} | Q21: =IF(P21="","",IF(P21="-","", numeroatexto(P21))) | R21: {=IF(P21="","", IFERROR(_xlfn.XLOOKUP($D21&$E21,NOTAS!$A$8:$A$56&NOTAS!$B$8:$B$56,NOTAS!$EF$8:$EF1000),""))} | S21: =IF(R21="","",IF(R21="-","", numeroatexto(R21))) | T21: {=IF(R21="","", IFERROR(_xlfn.XLOOKUP($D21&$E21,NOTAS!$A$8:$A$56&NOTAS!$B$8:$B$56,NOTAS!$EG$8:$EG1000),""))} | U21: =IF(T21="","",IF(T21="-","", numeroatexto(T21))) | V21: {=IF(T21="","", IFERROR(_xlfn.XLOOKUP($D21&$E21,NOTAS!$A$8:$A$56&NOTAS!$B$8:$B$56,NOTAS!$EH$8:$EH1000),""))} | W21: =IF(V21="","",IF(V21="-","", numeroatexto(V21))) | X21: DNI | Y21: {=_xlfn.XLOOKUP($D21&$E21,'DATOS ESTUDIANTES'!$A$3:$A1000&'DATOS ESTUDIANTES'!$B$3:$B1000,'DATOS ESTUDIANTES'!$C$3:$C1000,"")}
C22: 15 | F22: {=IF(D22="","", IFERROR(_xlfn.XLOOKUP($D22&$E22,NOTAS!$A$8:$A1000&NOTAS!$B$8:$B1000,NOTAS!$DZ$8:$DZ1000),""))} | G22: =IF(F22="","",IF(F22="-","", numeroatexto(F22))) | H22: {=IF(F22="","", IFERROR(_xlfn.XLOOKUP($D22&$E22,NOTAS!$A$8:$A1000&NOTAS!$B$8:$B1000,NOTAS!$EA$8:$EA1000),""))} | I22: =IF(H22="","",IF(H22="-","", numeroatexto(H22))) | J22: {=IF(H22="","", IFERROR(_xlfn.XLOOKUP($D22&$E22,NOTAS!$A$8:$A$56&NOTAS!$B$8:$B$56,NOTAS!$EB$8:$EB1000),""))} | K22: =IF(J22="","",IF(J22="-","", numeroatexto(J22))) | L22: {=IF(J22="","", IFERROR(_xlfn.XLOOKUP($D22&$E22,NOTAS!$A$8:$A$56&NOTAS!$B$8:$B$56,NOTAS!$EC$8:$EC1000),""))} | M22: =IF(L22="","",IF(L22="-","", numeroatexto(L22))) | N22: {=IF(L22="","", IFERROR(_xlfn.XLOOKUP($D22&$E22,NOTAS!$A$8:$A$56&NOTAS!$B$8:$B$56,NOTAS!$ED$8:$ED1000),""))} | O22: =IF(N22="","",IF(N22="-","", numeroatexto(N22))) | P22: {=IF(N22="","", IFERROR(_xlfn.XLOOKUP($D22&$E22,NOTAS!$A$8:$A$56&NOTAS!$B$8:$B$56,NOTAS!$EE$8:$EE1000),""))} | Q22: =IF(P22="","",IF(P22="-","", numeroatexto(P22))) | R22: {=IF(P22="","", IFERROR(_xlfn.XLOOKUP($D22&$E22,NOTAS!$A$8:$A$56&NOTAS!$B$8:$B$56,NOTAS!$EF$8:$EF1000),""))} | S22: =IF(R22="","",IF(R22="-","", numeroatexto(R22))) | T22: {=IF(R22="","", IFERROR(_xlfn.XLOOKUP($D22&$E22,NOTAS!$A$8:$A$56&NOTAS!$B$8:$B$56,NOTAS!$EG$8:$EG1000),""))} | U22: =IF(T22="","",IF(T22="-","", numeroatexto(T22))) | V22: {=IF(T22="","", IFERROR(_xlfn.XLOOKUP($D22&$E22,NOTAS!$A$8:$A$56&NOTAS!$B$8:$B$56,NOTAS!$EH$8:$EH1000),""))} | W22: =IF(V22="","",IF(V22="-","", numeroatexto(V22))) | X22: DNI | Y22: {=_xlfn.XLOOKUP($D22&$E22,'DATOS ESTUDIANTES'!$A$3:$A1000&'DATOS ESTUDIANTES'!$B$3:$B1000,'DATOS ESTUDIANTES'!$C$3:$C1000,"")}
C23: 16 | F23: {=IF(D23="","", IFERROR(_xlfn.XLOOKUP($D23&$E23,NOTAS!$A$8:$A1000&NOTAS!$B$8:$B1000,NOTAS!$DZ$8:$DZ1000),""))} | G23: =IF(F23="","",IF(F23="-","", numeroatexto(F23))) | H23: {=IF(F23="","", IFERROR(_xlfn.XLOOKUP($D23&$E23,NOTAS!$A$8:$A1000&NOTAS!$B$8:$B1000,NOTAS!$EA$8:$EA1000),""))} | I23: =IF(H23="","",IF(H23="-","", numeroatexto(H23))) | J23: {=IF(H23="","", IFERROR(_xlfn.XLOOKUP($D23&$E23,NOTAS!$A$8:$A$56&NOTAS!$B$8:$B$56,NOTAS!$EB$8:$EB1000),""))} | K23: =IF(J23="","",IF(J23="-","", numeroatexto(J23))) | L23: {=IF(J23="","", IFERROR(_xlfn.XLOOKUP($D23&$E23,NOTAS!$A$8:$A$56&NOTAS!$B$8:$B$56,NOTAS!$EC$8:$EC1000),""))} | M23: =IF(L23="","",IF(L23="-","", numeroatexto(L23))) | N23: {=IF(L23="","", IFERROR(_xlfn.XLOOKUP($D23&$E23,NOTAS!$A$8:$A$56&NOTAS!$B$8:$B$56,NOTAS!$ED$8:$ED1000),""))} | O23: =IF(N23="","",IF(N23="-","", numeroatexto(N23))) | P23: {=IF(N23="","", IFERROR(_xlfn.XLOOKUP($D23&$E23,NOTAS!$A$8:$A$56&NOTAS!$B$8:$B$56,NOTAS!$EE$8:$EE1000),""))} | Q23: =IF(P23="","",IF(P23="-","", numeroatexto(P23))) | R23: {=IF(P23="","", IFERROR(_xlfn.XLOOKUP($D23&$E23,NOTAS!$A$8:$A$56&NOTAS!$B$8:$B$56,NOTAS!$EF$8:$EF1000),""))} | S23: =IF(R23="","",IF(R23="-","", numeroatexto(R23))) | T23: {=IF(R23="","", IFERROR(_xlfn.XLOOKUP($D23&$E23,NOTAS!$A$8:$A$56&NOTAS!$B$8:$B$56,NOTAS!$EG$8:$EG1000),""))} | U23: =IF(T23="","",IF(T23="-","", numeroatexto(T23))) | V23: {=IF(T23="","", IFERROR(_xlfn.XLOOKUP($D23&$E23,NOTAS!$A$8:$A$56&NOTAS!$B$8:$B$56,NOTAS!$EH$8:$EH1000),""))} | W23: =IF(V23="","",IF(V23="-","", numeroatexto(V23))) | X23: DNI | Y23: {=_xlfn.XLOOKUP($D23&$E23,'DATOS ESTUDIANTES'!$A$3:$A1000&'DATOS ESTUDIANTES'!$B$3:$B1000,'DATOS ESTUDIANTES'!$C$3:$C1000,"")}
C24: 17 | F24: {=IF(D24="","", IFERROR(_xlfn.XLOOKUP($D24&$E24,NOTAS!$A$8:$A1000&NOTAS!$B$8:$B1000,NOTAS!$DZ$8:$DZ1000),""))} | G24: =IF(F24="","",IF(F24="-","", numeroatexto(F24))) | H24: {=IF(F24="","", IFERROR(_xlfn.XLOOKUP($D24&$E24,NOTAS!$A$8:$A1000&NOTAS!$B$8:$B1000,NOTAS!$EA$8:$EA1000),""))} | I24: =IF(H24="","",IF(H24="-","", numeroatexto(H24))) | J24: {=IF(H24="","", IFERROR(_xlfn.XLOOKUP($D24&$E24,NOTAS!$A$8:$A$56&NOTAS!$B$8:$B$56,NOTAS!$EB$8:$EB1000),""))} | K24: =IF(J24="","",IF(J24="-","", numeroatexto(J24))) | L24: {=IF(J24="","", IFERROR(_xlfn.XLOOKUP($D24&$E24,NOTAS!$A$8:$A$56&NOTAS!$B$8:$B$56,NOTAS!$EC$8:$EC1000),""))} | M24: =IF(L24="","",IF(L24="-","", numeroatexto(L24))) | N24: {=IF(L24="","", IFERROR(_xlfn.XLOOKUP($D24&$E24,NOTAS!$A$8:$A$56&NOTAS!$B$8:$B$56,NOTAS!$ED$8:$ED1000),""))} | O24: =IF(N24="","",IF(N24="-","", numeroatexto(N24))) | P24: {=IF(N24="","", IFERROR(_xlfn.XLOOKUP($D24&$E24,NOTAS!$A$8:$A$56&NOTAS!$B$8:$B$56,NOTAS!$EE$8:$EE1000),""))} | Q24: =IF(P24="","",IF(P24="-","", numeroatexto(P24))) | R24: {=IF(P24="","", IFERROR(_xlfn.XLOOKUP($D24&$E24,NOTAS!$A$8:$A$56&NOTAS!$B$8:$B$56,NOTAS!$EF$8:$EF1000),""))} | S24: =IF(R24="","",IF(R24="-","", numeroatexto(R24))) | T24: {=IF(R24="","", IFERROR(_xlfn.XLOOKUP($D24&$E24,NOTAS!$A$8:$A$56&NOTAS!$B$8:$B$56,NOTAS!$EG$8:$EG1000),""))} | U24: =IF(T24="","",IF(T24="-","", numeroatexto(T24))) | V24: {=IF(T24="","", IFERROR(_xlfn.XLOOKUP($D24&$E24,NOTAS!$A$8:$A$56&NOTAS!$B$8:$B$56,NOTAS!$EH$8:$EH1000),""))} | W24: =IF(V24="","",IF(V24="-","", numeroatexto(V24))) | X24: DNI | Y24: {=_xlfn.XLOOKUP($D24&$E24,'DATOS ESTUDIANTES'!$A$3:$A1000&'DATOS ESTUDIANTES'!$B$3:$B1000,'DATOS ESTUDIANTES'!$C$3:$C1000,"")}
C25: 18 | F25: {=IF(D25="","", IFERROR(_xlfn.XLOOKUP($D25&$E25,NOTAS!$A$8:$A1000&NOTAS!$B$8:$B1000,NOTAS!$DZ$8:$DZ1000),""))} | G25: =IF(F25="","",IF(F25="-","", numeroatexto(F25))) | H25: {=IF(F25="","", IFERROR(_xlfn.XLOOKUP($D25&$E25,NOTAS!$A$8:$A1000&NOTAS!$B$8:$B1000,NOTAS!$EA$8:$EA1000),""))} | I25: =IF(H25="","",IF(H25="-","", numeroatexto(H25))) | J25: {=IF(H25="","", IFERROR(_xlfn.XLOOKUP($D25&$E25,NOTAS!$A$8:$A$56&NOTAS!$B$8:$B$56,NOTAS!$EB$8:$EB1000),""))} | K25: =IF(J25="","",IF(J25="-","", numeroatexto(J25))) | L25: {=IF(J25="","", IFERROR(_xlfn.XLOOKUP($D25&$E25,NOTAS!$A$8:$A$56&NOTAS!$B$8:$B$56,NOTAS!$EC$8:$EC1000),""))} | M25: =IF(L25="","",IF(L25="-","", numeroatexto(L25))) | N25: {=IF(L25="","", IFERROR(_xlfn.XLOOKUP($D25&$E25,NOTAS!$A$8:$A$56&NOTAS!$B$8:$B$56,NOTAS!$ED$8:$ED1000),""))} | O25: =IF(N25="","",IF(N25="-","", numeroatexto(N25))) | P25: {=IF(N25="","", IFERROR(_xlfn.XLOOKUP($D25&$E25,NOTAS!$A$8:$A$56&NOTAS!$B$8:$B$56,NOTAS!$EE$8:$EE1000),""))} | Q25: =IF(P25="","",IF(P25="-","", numeroatexto(P25))) | R25: {=IF(P25="","", IFERROR(_xlfn.XLOOKUP($D25&$E25,NOTAS!$A$8:$A$56&NOTAS!$B$8:$B$56,NOTAS!$EF$8:$EF1000),""))} | S25: =IF(R25="","",IF(R25="-","", numeroatexto(R25))) | T25: {=IF(R25="","", IFERROR(_xlfn.XLOOKUP($D25&$E25,NOTAS!$A$8:$A$56&NOTAS!$B$8:$B$56,NOTAS!$EG$8:$EG1000),""))} | U25: =IF(T25="","",IF(T25="-","", numeroatexto(T25))) | V25: {=IF(T25="","", IFERROR(_xlfn.XLOOKUP($D25&$E25,NOTAS!$A$8:$A$56&NOTAS!$B$8:$B$56,NOTAS!$EH$8:$EH1000),""))} | W25: =IF(V25="","",IF(V25="-","", numeroatexto(V25))) | X25: DNI | Y25: {=_xlfn.XLOOKUP($D25&$E25,'DATOS ESTUDIANTES'!$A$3:$A1000&'DATOS ESTUDIANTES'!$B$3:$B1000,'DATOS ESTUDIANTES'!$C$3:$C1000,"")}
C26: 19 | F26: {=IF(D26="","", IFERROR(_xlfn.XLOOKUP($D26&$E26,NOTAS!$A$8:$A1000&NOTAS!$B$8:$B1000,NOTAS!$DZ$8:$DZ1000),""))} | G26: =IF(F26="","",IF(F26="-","", numeroatexto(F26))) | H26: {=IF(F26="","", IFERROR(_xlfn.XLOOKUP($D26&$E26,NOTAS!$A$8:$A1000&NOTAS!$B$8:$B1000,NOTAS!$EA$8:$EA1000),""))} | I26: =IF(H26="","",IF(H26="-","", numeroatexto(H26))) | J26: {=IF(H26="","", IFERROR(_xlfn.XLOOKUP($D26&$E26,NOTAS!$A$8:$A$56&NOTAS!$B$8:$B$56,NOTAS!$EB$8:$EB1000),""))} | K26: =IF(J26="","",IF(J26="-","", numeroatexto(J26))) | L26: {=IF(J26="","", IFERROR(_xlfn.XLOOKUP($D26&$E26,NOTAS!$A$8:$A$56&NOTAS!$B$8:$B$56,NOTAS!$EC$8:$EC1000),""))} | M26: =IF(L26="","",IF(L26="-","", numeroatexto(L26))) | N26: {=IF(L26="","", IFERROR(_xlfn.XLOOKUP($D26&$E26,NOTAS!$A$8:$A$56&NOTAS!$B$8:$B$56,NOTAS!$ED$8:$ED1000),""))} | O26: =IF(N26="","",IF(N26="-","", numeroatexto(N26))) | P26: {=IF(N26="","", IFERROR(_xlfn.XLOOKUP($D26&$E26,NOTAS!$A$8:$A$56&NOTAS!$B$8:$B$56,NOTAS!$EE$8:$EE1000),""))} | Q26: =IF(P26="","",IF(P26="-","", numeroatexto(P26))) | R26: {=IF(P26="","", IFERROR(_xlfn.XLOOKUP($D26&$E26,NOTAS!$A$8:$A$56&NOTAS!$B$8:$B$56,NOTAS!$EF$8:$EF1000),""))} | S26: =IF(R26="","",IF(R26="-","", numeroatexto(R26))) | T26: {=IF(R26="","", IFERROR(_xlfn.XLOOKUP($D26&$E26,NOTAS!$A$8:$A$56&NOTAS!$B$8:$B$56,NOTAS!$EG$8:$EG1000),""))} | U26: =IF(T26="","",IF(T26="-","", numeroatexto(T26))) | V26: {=IF(T26="","", IFERROR(_xlfn.XLOOKUP($D26&$E26,NOTAS!$A$8:$A$56&NOTAS!$B$8:$B$56,NOTAS!$EH$8:$EH1000),""))} | W26: =IF(V26="","",IF(V26="-","", numeroatexto(V26))) | X26: DNI | Y26: {=_xlfn.XLOOKUP($D26&$E26,'DATOS ESTUDIANTES'!$A$3:$A1000&'DATOS ESTUDIANTES'!$B$3:$B1000,'DATOS ESTUDIANTES'!$C$3:$C1000,"")}
C27: 20 | F27: {=IF(D27="","", IFERROR(_xlfn.XLOOKUP($D27&$E27,NOTAS!$A$8:$A1000&NOTAS!$B$8:$B1000,NOTAS!$DZ$8:$DZ1000),""))} | G27: =IF(F27="","",IF(F27="-","", numeroatexto(F27))) | H27: {=IF(F27="","", IFERROR(_xlfn.XLOOKUP($D27&$E27,NOTAS!$A$8:$A1000&NOTAS!$B$8:$B1000,NOTAS!$EA$8:$EA1000),""))} | I27: =IF(H27="","",IF(H27="-","", numeroatexto(H27))) | J27: {=IF(H27="","", IFERROR(_xlfn.XLOOKUP($D27&$E27,NOTAS!$A$8:$A$56&NOTAS!$B$8:$B$56,NOTAS!$EB$8:$EB1000),""))} | K27: =IF(J27="","",IF(J27="-","", numeroatexto(J27))) | L27: {=IF(J27="","", IFERROR(_xlfn.XLOOKUP($D27&$E27,NOTAS!$A$8:$A$56&NOTAS!$B$8:$B$56,NOTAS!$EC$8:$EC1000),""))} | M27: =IF(L27="","",IF(L27="-","", numeroatexto(L27))) | N27: {=IF(L27="","", IFERROR(_xlfn.XLOOKUP($D27&$E27,NOTAS!$A$8:$A$56&NOTAS!$B$8:$B$56,NOTAS!$ED$8:$ED1000),""))} | O27: =IF(N27="","",IF(N27="-","", numeroatexto(N27))) | P27: {=IF(N27="","", IFERROR(_xlfn.XLOOKUP($D27&$E27,NOTAS!$A$8:$A$56&NOTAS!$B$8:$B$56,NOTAS!$EE$8:$EE1000),""))} | Q27: =IF(P27="","",IF(P27="-","", numeroatexto(P27))) | R27: {=IF(P27="","", IFERROR(_xlfn.XLOOKUP($D27&$E27,NOTAS!$A$8:$A$56&NOTAS!$B$8:$B$56,NOTAS!$EF$8:$EF1000),""))} | S27: =IF(R27="","",IF(R27="-","", numeroatexto(R27))) | T27: {=IF(R27="","", IFERROR(_xlfn.XLOOKUP($D27&$E27,NOTAS!$A$8:$A$56&NOTAS!$B$8:$B$56,NOTAS!$EG$8:$EG1000),""))} | U27: =IF(T27="","",IF(T27="-","", numeroatexto(T27))) | V27: {=IF(T27="","", IFERROR(_xlfn.XLOOKUP($D27&$E27,NOTAS!$A$8:$A$56&NOTAS!$B$8:$B$56,NOTAS!$EH$8:$EH1000),""))} | W27: =IF(V27="","",IF(V27="-","", numeroatexto(V27))) | X27: DNI | Y27: {=_xlfn.XLOOKUP($D27&$E27,'DATOS ESTUDIANTES'!$A$3:$A1000&'DATOS ESTUDIANTES'!$B$3:$B1000,'DATOS ESTUDIANTES'!$C$3:$C1000,"")}
C28: 21 | F28: {=IF(D28="","", IFERROR(_xlfn.XLOOKUP($D28&$E28,NOTAS!$A$8:$A1000&NOTAS!$B$8:$B1000,NOTAS!$DZ$8:$DZ1000),""))} | G28: =IF(F28="","",IF(F28="-","", numeroatexto(F28))) | H28: {=IF(F28="","", IFERROR(_xlfn.XLOOKUP($D28&$E28,NOTAS!$A$8:$A1000&NOTAS!$B$8:$B1000,NOTAS!$EA$8:$EA1000),""))} | I28: =IF(H28="","",IF(H28="-","", numeroatexto(H28))) | J28: {=IF(H28="","", IFERROR(_xlfn.XLOOKUP($D28&$E28,NOTAS!$A$8:$A$56&NOTAS!$B$8:$B$56,NOTAS!$EB$8:$EB1000),""))} | K28: =IF(J28="","",IF(J28="-","", numeroatexto(J28))) | L28: {=IF(J28="","", IFERROR(_xlfn.XLOOKUP($D28&$E28,NOTAS!$A$8:$A$56&NOTAS!$B$8:$B$56,NOTAS!$EC$8:$EC1000),""))} | M28: =IF(L28="","",IF(L28="-","", numeroatexto(L28))) | N28: {=IF(L28="","", IFERROR(_xlfn.XLOOKUP($D28&$E28,NOTAS!$A$8:$A$56&NOTAS!$B$8:$B$56,NOTAS!$ED$8:$ED1000),""))} | O28: =IF(N28="","",IF(N28="-","", numeroatexto(N28))) | P28: {=IF(N28="","", IFERROR(_xlfn.XLOOKUP($D28&$E28,NOTAS!$A$8:$A$56&NOTAS!$B$8:$B$56,NOTAS!$EE$8:$EE1000),""))} | Q28: =IF(P28="","",IF(P28="-","", numeroatexto(P28))) | R28: {=IF(P28="","", IFERROR(_xlfn.XLOOKUP($D28&$E28,NOTAS!$A$8:$A$56&NOTAS!$B$8:$B$56,NOTAS!$EF$8:$EF1000),""))} | S28: =IF(R28="","",IF(R28="-","", numeroatexto(R28))) | T28: {=IF(R28="","", IFERROR(_xlfn.XLOOKUP($D28&$E28,NOTAS!$A$8:$A$56&NOTAS!$B$8:$B$56,NOTAS!$EG$8:$EG1000),""))} | U28: =IF(T28="","",IF(T28="-","", numeroatexto(T28))) | V28: {=IF(T28="","", IFERROR(_xlfn.XLOOKUP($D28&$E28,NOTAS!$A$8:$A$56&NOTAS!$B$8:$B$56,NOTAS!$EH$8:$EH1000),""))} | W28: =IF(V28="","",IF(V28="-","", numeroatexto(V28))) | X28: DNI | Y28: {=_xlfn.XLOOKUP($D28&$E28,'DATOS ESTUDIANTES'!$A$3:$A1000&'DATOS ESTUDIANTES'!$B$3:$B1000,'DATOS ESTUDIANTES'!$C$3:$C1000,"")}
C29: 22 | F29: {=IF(D29="","", IFERROR(_xlfn.XLOOKUP($D29&$E29,NOTAS!$A$8:$A1000&NOTAS!$B$8:$B1000,NOTAS!$DZ$8:$DZ1000),""))} | G29: =IF(F29="","",IF(F29="-","", numeroatexto(F29))) | H29: {=IF(F29="","", IFERROR(_xlfn.XLOOKUP($D29&$E29,NOTAS!$A$8:$A1000&NOTAS!$B$8:$B1000,NOTAS!$EA$8:$EA1000),""))} | I29: =IF(H29="","",IF(H29="-","", numeroatexto(H29))) | J29: {=IF(H29="","", IFERROR(_xlfn.XLOOKUP($D29&$E29,NOTAS!$A$8:$A$56&NOTAS!$B$8:$B$56,NOTAS!$EB$8:$EB1000),""))} | K29: =IF(J29="","",IF(J29="-","", numeroatexto(J29))) | L29: {=IF(J29="","", IFERROR(_xlfn.XLOOKUP($D29&$E29,NOTAS!$A$8:$A$56&NOTAS!$B$8:$B$56,NOTAS!$EC$8:$EC1000),""))} | M29: =IF(L29="","",IF(L29="-","", numeroatexto(L29))) | N29: {=IF(L29="","", IFERROR(_xlfn.XLOOKUP($D29&$E29,NOTAS!$A$8:$A$56&NOTAS!$B$8:$B$56,NOTAS!$ED$8:$ED1000),""))} | O29: =IF(N29="","",IF(N29="-","", numeroatexto(N29))) | P29: {=IF(N29="","", IFERROR(_xlfn.XLOOKUP($D29&$E29,NOTAS!$A$8:$A$56&NOTAS!$B$8:$B$56,NOTAS!$EE$8:$EE1000),""))} | Q29: =IF(P29="","",IF(P29="-","", numeroatexto(P29))) | R29: {=IF(P29="","", IFERROR(_xlfn.XLOOKUP($D29&$E29,NOTAS!$A$8:$A$56&NOTAS!$B$8:$B$56,NOTAS!$EF$8:$EF1000),""))} | S29: =IF(R29="","",IF(R29="-","", numeroatexto(R29))) | T29: {=IF(R29="","", IFERROR(_xlfn.XLOOKUP($D29&$E29,NOTAS!$A$8:$A$56&NOTAS!$B$8:$B$56,NOTAS!$EG$8:$EG1000),""))} | U29: =IF(T29="","",IF(T29="-","", numeroatexto(T29))) | V29: {=IF(T29="","", IFERROR(_xlfn.XLOOKUP($D29&$E29,NOTAS!$A$8:$A$56&NOTAS!$B$8:$B$56,NOTAS!$EH$8:$EH1000),""))} | W29: =IF(V29="","",IF(V29="-","", numeroatexto(V29))) | X29: DNI | Y29: {=_xlfn.XLOOKUP($D29&$E29,'DATOS ESTUDIANTES'!$A$3:$A1000&'DATOS ESTUDIANTES'!$B$3:$B1000,'DATOS ESTUDIANTES'!$C$3:$C1000,"")}
C30: 23 | F30: {=IF(D30="","", IFERROR(_xlfn.XLOOKUP($D30&$E30,NOTAS!$A$8:$A1000&NOTAS!$B$8:$B1000,NOTAS!$DZ$8:$DZ1000),""))} | G30: =IF(F30="","",IF(F30="-","", numeroatexto(F30))) | H30: {=IF(F30="","", IFERROR(_xlfn.XLOOKUP($D30&$E30,NOTAS!$A$8:$A1000&NOTAS!$B$8:$B1000,NOTAS!$EA$8:$EA1000),""))} | I30: =IF(H30="","",IF(H30="-","", numeroatexto(H30))) | J30: {=IF(H30="","", IFERROR(_xlfn.XLOOKUP($D30&$E30,NOTAS!$A$8:$A$56&NOTAS!$B$8:$B$56,NOTAS!$EB$8:$EB1000),""))} | K30: =IF(J30="","",IF(J30="-","", numeroatexto(J30))) | L30: {=IF(J30="","", IFERROR(_xlfn.XLOOKUP($D30&$E30,NOTAS!$A$8:$A$56&NOTAS!$B$8:$B$56,NOTAS!$EC$8:$EC1000),""))} | M30: =IF(L30="","",IF(L30="-","", numeroatexto(L30))) | N30: {=IF(L30="","", IFERROR(_xlfn.XLOOKUP($D30&$E30,NOTAS!$A$8:$A$56&NOTAS!$B$8:$B$56,NOTAS!$ED$8:$ED1000),""))} | O30: =IF(N30="","",IF(N30="-","", numeroatexto(N30))) | P30: {=IF(N30="","", IFERROR(_xlfn.XLOOKUP($D30&$E30,NOTAS!$A$8:$A$56&NOTAS!$B$8:$B$56,NOTAS!$EE$8:$EE1000),""))} | Q30: =IF(P30="","",IF(P30="-","", numeroatexto(P30))) | R30: {=IF(P30="","", IFERROR(_xlfn.XLOOKUP($D30&$E30,NOTAS!$A$8:$A$56&NOTAS!$B$8:$B$56,NOTAS!$EF$8:$EF1000),""))} | S30: =IF(R30="","",IF(R30="-","", numeroatexto(R30))) | T30: {=IF(R30="","", IFERROR(_xlfn.XLOOKUP($D30&$E30,NOTAS!$A$8:$A$56&NOTAS!$B$8:$B$56,NOTAS!$EG$8:$EG1000),""))} | U30: =IF(T30="","",IF(T30="-","", numeroatexto(T30))) | V30: {=IF(T30="","", IFERROR(_xlfn.XLOOKUP($D30&$E30,NOTAS!$A$8:$A$56&NOTAS!$B$8:$B$56,NOTAS!$EH$8:$EH1000),""))} | W30: =IF(V30="","",IF(V30="-","", numeroatexto(V30))) | X30: DNI | Y30: {=_xlfn.XLOOKUP($D30&$E30,'DATOS ESTUDIANTES'!$A$3:$A1000&'DATOS ESTUDIANTES'!$B$3:$B1000,'DATOS ESTUDIANTES'!$C$3:$C1000,"")}
C31: 24 | F31: {=IF(D31="","", IFERROR(_xlfn.XLOOKUP($D31&$E31,NOTAS!$A$8:$A1000&NOTAS!$B$8:$B1000,NOTAS!$DZ$8:$DZ1000),""))} | G31: =IF(F31="","",IF(F31="-","", numeroatexto(F31))) | H31: {=IF(F31="","", IFERROR(_xlfn.XLOOKUP($D31&$E31,NOTAS!$A$8:$A1000&NOTAS!$B$8:$B1000,NOTAS!$EA$8:$EA1000),""))} | I31: =IF(H31="","",IF(H31="-","", numeroatexto(H31))) | J31: {=IF(H31="","", IFERROR(_xlfn.XLOOKUP($D31&$E31,NOTAS!$A$8:$A$56&NOTAS!$B$8:$B$56,NOTAS!$EB$8:$EB1000),""))} | K31: =IF(J31="","",IF(J31="-","", numeroatexto(J31))) | L31: {=IF(J31="","", IFERROR(_xlfn.XLOOKUP($D31&$E31,NOTAS!$A$8:$A$56&NOTAS!$B$8:$B$56,NOTAS!$EC$8:$EC1000),""))} | M31: =IF(L31="","",IF(L31="-","", numeroatexto(L31))) | N31: {=IF(L31="","", IFERROR(_xlfn.XLOOKUP($D31&$E31,NOTAS!$A$8:$A$56&NOTAS!$B$8:$B$56,NOTAS!$ED$8:$ED1000),""))} | O31: =IF(N31="","",IF(N31="-","", numeroatexto(N31))) | P31: {=IF(N31="","", IFERROR(_xlfn.XLOOKUP($D31&$E31,NOTAS!$A$8:$A$56&NOTAS!$B$8:$B$56,NOTAS!$EE$8:$EE1000),""))} | Q31: =IF(P31="","",IF(P31="-","", numeroatexto(P31))) | R31: {=IF(P31="","", IFERROR(_xlfn.XLOOKUP($D31&$E31,NOTAS!$A$8:$A$56&NOTAS!$B$8:$B$56,NOTAS!$EF$8:$EF1000),""))} | S31: =IF(R31="","",IF(R31="-","", numeroatexto(R31))) | T31: {=IF(R31="","", IFERROR(_xlfn.XLOOKUP($D31&$E31,NOTAS!$A$8:$A$56&NOTAS!$B$8:$B$56,NOTAS!$EG$8:$EG1000),""))} | U31: =IF(T31="","",IF(T31="-","", numeroatexto(T31))) | V31: {=IF(T31="","", IFERROR(_xlfn.XLOOKUP($D31&$E31,NOTAS!$A$8:$A$56&NOTAS!$B$8:$B$56,NOTAS!$EH$8:$EH1000),""))} | W31: =IF(V31="","",IF(V31="-","", numeroatexto(V31))) | X31: DNI | Y31: {=_xlfn.XLOOKUP($D31&$E31,'DATOS ESTUDIANTES'!$A$3:$A1000&'DATOS ESTUDIANTES'!$B$3:$B1000,'DATOS ESTUDIANTES'!$C$3:$C1000,"")}
C32: 25 | F32: {=IF(D32="","", IFERROR(_xlfn.XLOOKUP($D32&$E32,NOTAS!$A$8:$A1000&NOTAS!$B$8:$B1000,NOTAS!$DZ$8:$DZ1000),""))} | G32: =IF(F32="","",IF(F32="-","", numeroatexto(F32))) | H32: {=IF(F32="","", IFERROR(_xlfn.XLOOKUP($D32&$E32,NOTAS!$A$8:$A1000&NOTAS!$B$8:$B1000,NOTAS!$EA$8:$EA1000),""))} | I32: =IF(H32="","",IF(H32="-","", numeroatexto(H32))) | J32: {=IF(H32="","", IFERROR(_xlfn.XLOOKUP($D32&$E32,NOTAS!$A$8:$A$56&NOTAS!$B$8:$B$56,NOTAS!$EB$8:$EB1000),""))} | K32: =IF(J32="","",IF(J32="-","", numeroatexto(J32))) | L32: {=IF(J32="","", IFERROR(_xlfn.XLOOKUP($D32&$E32,NOTAS!$A$8:$A$56&NOTAS!$B$8:$B$56,NOTAS!$EC$8:$EC1000),""))} | M32: =IF(L32="","",IF(L32="-","", numeroatexto(L32))) | N32: {=IF(L32="","", IFERROR(_xlfn.XLOOKUP($D32&$E32,NOTAS!$A$8:$A$56&NOTAS!$B$8:$B$56,NOTAS!$ED$8:$ED1000),""))} | O32: =IF(N32="","",IF(N32="-","", numeroatexto(N32))) | P32: {=IF(N32="","", IFERROR(_xlfn.XLOOKUP($D32&$E32,NOTAS!$A$8:$A$56&NOTAS!$B$8:$B$56,NOTAS!$EE$8:$EE1000),""))} | Q32: =IF(P32="","",IF(P32="-","", numeroatexto(P32))) | R32: {=IF(P32="","", IFERROR(_xlfn.XLOOKUP($D32&$E32,NOTAS!$A$8:$A$56&NOTAS!$B$8:$B$56,NOTAS!$EF$8:$EF1000),""))} | S32: =IF(R32="","",IF(R32="-","", numeroatexto(R32))) | T32: {=IF(R32="","", IFERROR(_xlfn.XLOOKUP($D32&$E32,NOTAS!$A$8:$A$56&NOTAS!$B$8:$B$56,NOTAS!$EG$8:$EG1000),""))} | U32: =IF(T32="","",IF(T32="-","", numeroatexto(T32))) | V32: {=IF(T32="","", IFERROR(_xlfn.XLOOKUP($D32&$E32,NOTAS!$A$8:$A$56&NOTAS!$B$8:$B$56,NOTAS!$EH$8:$EH1000),""))} | W32: =IF(V32="","",IF(V32="-","", numeroatexto(V32))) | X32: DNI | Y32: {=_xlfn.XLOOKUP($D32&$E32,'DATOS ESTUDIANTES'!$A$3:$A1000&'DATOS ESTUDIANTES'!$B$3:$B1000,'DATOS ESTUDIANTES'!$C$3:$C1000,"")}
C33: 26 | F33: {=IF(D33="","", IFERROR(_xlfn.XLOOKUP($D33&$E33,NOTAS!$A$8:$A1000&NOTAS!$B$8:$B1000,NOTAS!$DZ$8:$DZ1000),""))} | G33: =IF(F33="","",IF(F33="-","", numeroatexto(F33))) | H33: {=IF(F33="","", IFERROR(_xlfn.XLOOKUP($D33&$E33,NOTAS!$A$8:$A1000&NOTAS!$B$8:$B1000,NOTAS!$EA$8:$EA1000),""))} | I33: =IF(H33="","",IF(H33="-","", numeroatexto(H33))) | J33: {=IF(H33="","", IFERROR(_xlfn.XLOOKUP($D33&$E33,NOTAS!$A$8:$A$56&NOTAS!$B$8:$B$56,NOTAS!$EB$8:$EB1000),""))} | K33: =IF(J33="","",IF(J33="-","", numeroatexto(J33))) | L33: {=IF(J33="","", IFERROR(_xlfn.XLOOKUP($D33&$E33,NOTAS!$A$8:$A$56&NOTAS!$B$8:$B$56,NOTAS!$EC$8:$EC1000),""))} | M33: =IF(L33="","",IF(L33="-","", numeroatexto(L33))) | N33: {=IF(L33="","", IFERROR(_xlfn.XLOOKUP($D33&$E33,NOTAS!$A$8:$A$56&NOTAS!$B$8:$B$56,NOTAS!$ED$8:$ED1000),""))} | O33: =IF(N33="","",IF(N33="-","", numeroatexto(N33))) | P33: {=IF(N33="","", IFERROR(_xlfn.XLOOKUP($D33&$E33,NOTAS!$A$8:$A$56&NOTAS!$B$8:$B$56,NOTAS!$EE$8:$EE1000),""))} | Q33: =IF(P33="","",IF(P33="-","", numeroatexto(P33))) | R33: {=IF(P33="","", IFERROR(_xlfn.XLOOKUP($D33&$E33,NOTAS!$A$8:$A$56&NOTAS!$B$8:$B$56,NOTAS!$EF$8:$EF1000),""))} | S33: =IF(R33="","",IF(R33="-","", numeroatexto(R33))) | T33: {=IF(R33="","", IFERROR(_xlfn.XLOOKUP($D33&$E33,NOTAS!$A$8:$A$56&NOTAS!$B$8:$B$56,NOTAS!$EG$8:$EG1000),""))} | U33: =IF(T33="","",IF(T33="-","", numeroatexto(T33))) | V33: {=IF(T33="","", IFERROR(_xlfn.XLOOKUP($D33&$E33,NOTAS!$A$8:$A$56&NOTAS!$B$8:$B$56,NOTAS!$EH$8:$EH1000),""))} | W33: =IF(V33="","",IF(V33="-","", numeroatexto(V33))) | X33: DNI | Y33: {=_xlfn.XLOOKUP($D33&$E33,'DATOS ESTUDIANTES'!$A$3:$A1000&'DATOS ESTUDIANTES'!$B$3:$B1000,'DATOS ESTUDIANTES'!$C$3:$C1000,"")}
C34: 27 | F34: {=IF(D34="","", IFERROR(_xlfn.XLOOKUP($D34&$E34,NOTAS!$A$8:$A1000&NOTAS!$B$8:$B1000,NOTAS!$DZ$8:$DZ1000),""))} | G34: =IF(F34="","",IF(F34="-","", numeroatexto(F34))) | H34: {=IF(F34="","", IFERROR(_xlfn.XLOOKUP($D34&$E34,NOTAS!$A$8:$A1000&NOTAS!$B$8:$B1000,NOTAS!$EA$8:$EA1000),""))} | I34: =IF(H34="","",IF(H34="-","", numeroatexto(H34))) | J34: {=IF(H34="","", IFERROR(_xlfn.XLOOKUP($D34&$E34,NOTAS!$A$8:$A$56&NOTAS!$B$8:$B$56,NOTAS!$EB$8:$EB1000),""))} | K34: =IF(J34="","",IF(J34="-","", numeroatexto(J34))) | L34: {=IF(J34="","", IFERROR(_xlfn.XLOOKUP($D34&$E34,NOTAS!$A$8:$A$56&NOTAS!$B$8:$B$56,NOTAS!$EC$8:$EC1000),""))} | M34: =IF(L34="","",IF(L34="-","", numeroatexto(L34))) | N34: {=IF(L34="","", IFERROR(_xlfn.XLOOKUP($D34&$E34,NOTAS!$A$8:$A$56&NOTAS!$B$8:$B$56,NOTAS!$ED$8:$ED1000),""))} | O34: =IF(N34="","",IF(N34="-","", numeroatexto(N34))) | P34: {=IF(N34="","", IFERROR(_xlfn.XLOOKUP($D34&$E34,NOTAS!$A$8:$A$56&NOTAS!$B$8:$B$56,NOTAS!$EE$8:$EE1000),""))} | Q34: =IF(P34="","",IF(P34="-","", numeroatexto(P34))) | R34: {=IF(P34="","", IFERROR(_xlfn.XLOOKUP($D34&$E34,NOTAS!$A$8:$A$56&NOTAS!$B$8:$B$56,NOTAS!$EF$8:$EF1000),""))} | S34: =IF(R34="","",IF(R34="-","", numeroatexto(R34))) | T34: {=IF(R34="","", IFERROR(_xlfn.XLOOKUP($D34&$E34,NOTAS!$A$8:$A$56&NOTAS!$B$8:$B$56,NOTAS!$EG$8:$EG1000),""))} | U34: =IF(T34="","",IF(T34="-","", numeroatexto(T34))) | V34: {=IF(T34="","", IFERROR(_xlfn.XLOOKUP($D34&$E34,NOTAS!$A$8:$A$56&NOTAS!$B$8:$B$56,NOTAS!$EH$8:$EH1000),""))} | W34: =IF(V34="","",IF(V34="-","", numeroatexto(V34))) | X34: DNI | Y34: {=_xlfn.XLOOKUP($D34&$E34,'DATOS ESTUDIANTES'!$A$3:$A1000&'DATOS ESTUDIANTES'!$B$3:$B1000,'DATOS ESTUDIANTES'!$C$3:$C1000,"")}
C35: 28 | F35: {=IF(D35="","", IFERROR(_xlfn.XLOOKUP($D35&$E35,NOTAS!$A$8:$A1000&NOTAS!$B$8:$B1000,NOTAS!$DZ$8:$DZ1000),""))} | G35: =IF(F35="","",IF(F35="-","", numeroatexto(F35))) | H35: {=IF(F35="","", IFERROR(_xlfn.XLOOKUP($D35&$E35,NOTAS!$A$8:$A1000&NOTAS!$B$8:$B1000,NOTAS!$EA$8:$EA1000),""))} | I35: =IF(H35="","",IF(H35="-","", numeroatexto(H35))) | J35: {=IF(H35="","", IFERROR(_xlfn.XLOOKUP($D35&$E35,NOTAS!$A$8:$A$56&NOTAS!$B$8:$B$56,NOTAS!$EB$8:$EB1000),""))} | K35: =IF(J35="","",IF(J35="-","", numeroatexto(J35))) | L35: {=IF(J35="","", IFERROR(_xlfn.XLOOKUP($D35&$E35,NOTAS!$A$8:$A$56&NOTAS!$B$8:$B$56,NOTAS!$EC$8:$EC1000),""))} | M35: =IF(L35="","",IF(L35="-","", numeroatexto(L35))) | N35: {=IF(L35="","", IFERROR(_xlfn.XLOOKUP($D35&$E35,NOTAS!$A$8:$A$56&NOTAS!$B$8:$B$56,NOTAS!$ED$8:$ED1000),""))} | O35: =IF(N35="","",IF(N35="-","", numeroatexto(N35))) | P35: {=IF(N35="","", IFERROR(_xlfn.XLOOKUP($D35&$E35,NOTAS!$A$8:$A$56&NOTAS!$B$8:$B$56,NOTAS!$EE$8:$EE1000),""))} | Q35: =IF(P35="","",IF(P35="-","", numeroatexto(P35))) | R35: {=IF(P35="","", IFERROR(_xlfn.XLOOKUP($D35&$E35,NOTAS!$A$8:$A$56&NOTAS!$B$8:$B$56,NOTAS!$EF$8:$EF1000),""))} | S35: =IF(R35="","",IF(R35="-","", numeroatexto(R35))) | T35: {=IF(R35="","", IFERROR(_xlfn.XLOOKUP($D35&$E35,NOTAS!$A$8:$A$56&NOTAS!$B$8:$B$56,NOTAS!$EG$8:$EG1000),""))} | U35: =IF(T35="","",IF(T35="-","", numeroatexto(T35))) | V35: {=IF(T35="","", IFERROR(_xlfn.XLOOKUP($D35&$E35,NOTAS!$A$8:$A$56&NOTAS!$B$8:$B$56,NOTAS!$EH$8:$EH1000),""))} | W35: =IF(V35="","",IF(V35="-","", numeroatexto(V35))) | X35: DNI | Y35: {=_xlfn.XLOOKUP($D35&$E35,'DATOS ESTUDIANTES'!$A$3:$A1000&'DATOS ESTUDIANTES'!$B$3:$B1000,'DATOS ESTUDIANTES'!$C$3:$C1000,"")}
C36: 29 | F36: {=IF(D36="","", IFERROR(_xlfn.XLOOKUP($D36&$E36,NOTAS!$A$8:$A1000&NOTAS!$B$8:$B1000,NOTAS!$DZ$8:$DZ1000),""))} | G36: =IF(F36="","",IF(F36="-","", numeroatexto(F36))) | H36: {=IF(F36="","", IFERROR(_xlfn.XLOOKUP($D36&$E36,NOTAS!$A$8:$A1000&NOTAS!$B$8:$B1000,NOTAS!$EA$8:$EA1000),""))} | I36: =IF(H36="","",IF(H36="-","", numeroatexto(H36))) | J36: {=IF(H36="","", IFERROR(_xlfn.XLOOKUP($D36&$E36,NOTAS!$A$8:$A$56&NOTAS!$B$8:$B$56,NOTAS!$EB$8:$EB1000),""))} | K36: =IF(J36="","",IF(J36="-","", numeroatexto(J36))) | L36: {=IF(J36="","", IFERROR(_xlfn.XLOOKUP($D36&$E36,NOTAS!$A$8:$A$56&NOTAS!$B$8:$B$56,NOTAS!$EC$8:$EC1000),""))} | M36: =IF(L36="","",IF(L36="-","", numeroatexto(L36))) | N36: {=IF(L36="","", IFERROR(_xlfn.XLOOKUP($D36&$E36,NOTAS!$A$8:$A$56&NOTAS!$B$8:$B$56,NOTAS!$ED$8:$ED1000),""))} | O36: =IF(N36="","",IF(N36="-","", numeroatexto(N36))) | P36: {=IF(N36="","", IFERROR(_xlfn.XLOOKUP($D36&$E36,NOTAS!$A$8:$A$56&NOTAS!$B$8:$B$56,NOTAS!$EE$8:$EE1000),""))} | Q36: =IF(P36="","",IF(P36="-","", numeroatexto(P36))) | R36: {=IF(P36="","", IFERROR(_xlfn.XLOOKUP($D36&$E36,NOTAS!$A$8:$A$56&NOTAS!$B$8:$B$56,NOTAS!$EF$8:$EF1000),""))} | S36: =IF(R36="","",IF(R36="-","", numeroatexto(R36))) | T36: {=IF(R36="","", IFERROR(_xlfn.XLOOKUP($D36&$E36,NOTAS!$A$8:$A$56&NOTAS!$B$8:$B$56,NOTAS!$EG$8:$EG1000),""))} | U36: =IF(T36="","",IF(T36="-","", numeroatexto(T36))) | V36: {=IF(T36="","", IFERROR(_xlfn.XLOOKUP($D36&$E36,NOTAS!$A$8:$A$56&NOTAS!$B$8:$B$56,NOTAS!$EH$8:$EH1000),""))} | W36: =IF(V36="","",IF(V36="-","", numeroatexto(V36))) | X36: DNI | Y36: {=_xlfn.XLOOKUP($D36&$E36,'DATOS ESTUDIANTES'!$A$3:$A1000&'DATOS ESTUDIANTES'!$B$3:$B1000,'DATOS ESTUDIANTES'!$C$3:$C1000,"")}
C37: 30 | F37: {=IF(D37="","", IFERROR(_xlfn.XLOOKUP($D37&$E37,NOTAS!$A$8:$A1000&NOTAS!$B$8:$B1000,NOTAS!$DZ$8:$DZ1000),""))} | G37: =IF(F37="","",IF(F37="-","", numeroatexto(F37))) | H37: {=IF(F37="","", IFERROR(_xlfn.XLOOKUP($D37&$E37,NOTAS!$A$8:$A1000&NOTAS!$B$8:$B1000,NOTAS!$EA$8:$EA1000),""))} | I37: =IF(H37="","",IF(H37="-","", numeroatexto(H37))) | J37: {=IF(H37="","", IFERROR(_xlfn.XLOOKUP($D37&$E37,NOTAS!$A$8:$A$56&NOTAS!$B$8:$B$56,NOTAS!$EB$8:$EB1000),""))} | K37: =IF(J37="","",IF(J37="-","", numeroatexto(J37))) | L37: {=IF(J37="","", IFERROR(_xlfn.XLOOKUP($D37&$E37,NOTAS!$A$8:$A$56&NOTAS!$B$8:$B$56,NOTAS!$EC$8:$EC1000),""))} | M37: =IF(L37="","",IF(L37="-","", numeroatexto(L37))) | N37: {=IF(L37="","", IFERROR(_xlfn.XLOOKUP($D37&$E37,NOTAS!$A$8:$A$56&NOTAS!$B$8:$B$56,NOTAS!$ED$8:$ED1000),""))} | O37: =IF(N37="","",IF(N37="-","", numeroatexto(N37))) | P37: {=IF(N37="","", IFERROR(_xlfn.XLOOKUP($D37&$E37,NOTAS!$A$8:$A$56&NOTAS!$B$8:$B$56,NOTAS!$EE$8:$EE1000),""))} | Q37: =IF(P37="","",IF(P37="-","", numeroatexto(P37))) | R37: {=IF(P37="","", IFERROR(_xlfn.XLOOKUP($D37&$E37,NOTAS!$A$8:$A$56&NOTAS!$B$8:$B$56,NOTAS!$EF$8:$EF1000),""))} | S37: =IF(R37="","",IF(R37="-","", numeroatexto(R37))) | T37: {=IF(R37="","", IFERROR(_xlfn.XLOOKUP($D37&$E37,NOTAS!$A$8:$A$56&NOTAS!$B$8:$B$56,NOTAS!$EG$8:$EG1000),""))} | U37: =IF(T37="","",IF(T37="-","", numeroatexto(T37))) | V37: {=IF(T37="","", IFERROR(_xlfn.XLOOKUP($D37&$E37,NOTAS!$A$8:$A$56&NOTAS!$B$8:$B$56,NOTAS!$EH$8:$EH1000),""))} | W37: =IF(V37="","",IF(V37="-","", numeroatexto(V37))) | X37: DNI | Y37: {=_xlfn.XLOOKUP($D37&$E37,'DATOS ESTUDIANTES'!$A$3:$A1000&'DATOS ESTUDIANTES'!$B$3:$B1000,'DATOS ESTUDIANTES'!$C$3:$C1000,"")}
X38: Inscriptos
X39: Examinados
X40: Ausentes
D41: Vocal 1 | I41: Presidente | O41: Director | U41: Inspector | X41: Desaprobados
X43: APROBADOS
A44: Se considerará aprobado con un mínimo de 70 puntos
A45: Dirección General de Cultura y Educación - Dirección de Formación Profesional
A46: CFP N° 403 "OSCAR SMITH" | L46: ACTA DE EXAMEN
A48: En dependencias del Centro de Formación Profesional N° 403 de la localidad de Luján domicilio en Lavalle 740 | O48: ESPECIALIDAD | X48: CURSO Nº
A49: a los ................ dias del mes de ...................................................... del año ...................... se reune la Comisión Examinadora, con el objetivo de llevar a cabo la evaluación final a los
A50: alumnos del curso cuya Especialidad y N° estan detallados en la presente, llegando al resultado que se consigna a continuación:
A51: N° | C51: N° | D51: APELLIDO Y NOMBRES | F51: ACTA I | G51: NUMERO | H51: ACTA II | I51: NUMERO | J51: ACTA III | K51: NUMERO | L51: ACTA IV | M51: NUMERO | N51: ACTA V | O51: NUMERO | P51: ACTA VI | Q51: NUMERO | R51: ACTA VII | S51: NUMERO | T51: ACTA VIII | U51: NUMERO | V51: ACTA IX | W51: NUMERO | X51: DOCUMENTO
A52: Egresado | X52: DNI | Y52: N°
C53: 31 | F53: {=IF(D53="","", IFERROR(_xlfn.XLOOKUP($D53&$E53,NOTAS!$A$8:$A1000&NOTAS!$B$8:$B1000,NOTAS!$DZ$8:$DZ1000),""))} | G53: =IF(F53="","",IF(F53="-","", numeroatexto(F53))) | H53: {=IF(F53="","", IFERROR(_xlfn.XLOOKUP($D53&$E53,NOTAS!$A$8:$A1000&NOTAS!$B$8:$B1000,NOTAS!$EA$8:$EA1000),""))} | I53: =IF(H53="","",IF(H53="-","", numeroatexto(H53))) | J53: {=IF(H53="","", IFERROR(_xlfn.XLOOKUP($D53&$E53,NOTAS!$A$8:$A$56&NOTAS!$B$8:$B$56,NOTAS!$EB$8:$EB1000),""))} | K53: =IF(J53="","",IF(J53="-","", numeroatexto(J53))) | L53: {=IF(J53="","", IFERROR(_xlfn.XLOOKUP($D53&$E53,NOTAS!$A$8:$A$56&NOTAS!$B$8:$B$56,NOTAS!$EC$8:$EC1000),""))} | M53: =IF(L53="","",IF(L53="-","", numeroatexto(L53))) | N53: {=IF(L53="","", IFERROR(_xlfn.XLOOKUP($D53&$E53,NOTAS!$A$8:$A$56&NOTAS!$B$8:$B$56,NOTAS!$ED$8:$ED1000),""))} | O53: =IF(N53="","",IF(N53="-","", numeroatexto(N53))) | P53: {=IF(N53="","", IFERROR(_xlfn.XLOOKUP($D53&$E53,NOTAS!$A$8:$A$56&NOTAS!$B$8:$B$56,NOTAS!$EE$8:$EE1000),""))} | Q53: =IF(P53="","",IF(P53="-","", numeroatexto(P53))) | R53: {=IF(P53="","", IFERROR(_xlfn.XLOOKUP($D53&$E53,NOTAS!$A$8:$A$56&NOTAS!$B$8:$B$56,NOTAS!$EF$8:$EF1000),""))} | S53: =IF(R53="","",IF(R53="-","", numeroatexto(R53))) | T53: {=IF(R53="","", IFERROR(_xlfn.XLOOKUP($D53&$E53,NOTAS!$A$8:$A$56&NOTAS!$B$8:$B$56,NOTAS!$EG$8:$EG1000),""))} | U53: =IF(T53="","",IF(T53="-","", numeroatexto(T53))) | V53: {=IF(T53="","", IFERROR(_xlfn.XLOOKUP($D53&$E53,NOTAS!$A$8:$A$56&NOTAS!$B$8:$B$56,NOTAS!$EH$8:$EH1000),""))} | W53: =IF(V53="","",IF(V53="-","", numeroatexto(V53))) | X53: DNI | Y53: {=_xlfn.XLOOKUP($D53&$E53,'DATOS ESTUDIANTES'!$A$3:$A1000&'DATOS ESTUDIANTES'!$B$3:$B1000,'DATOS ESTUDIANTES'!$C$3:$C1000,"")}
C54: 32 | F54: {=IF(D54="","", IFERROR(_xlfn.XLOOKUP($D54&$E54,NOTAS!$A$8:$A1000&NOTAS!$B$8:$B1000,NOTAS!$DZ$8:$DZ1000),""))} | G54: =IF(F54="","",IF(F54="-","", numeroatexto(F54))) | H54: {=IF(F54="","", IFERROR(_xlfn.XLOOKUP($D54&$E54,NOTAS!$A$8:$A1000&NOTAS!$B$8:$B1000,NOTAS!$EA$8:$EA1000),""))} | I54: =IF(H54="","",IF(H54="-","", numeroatexto(H54))) | J54: {=IF(H54="","", IFERROR(_xlfn.XLOOKUP($D54&$E54,NOTAS!$A$8:$A$56&NOTAS!$B$8:$B$56,NOTAS!$EB$8:$EB1000),""))} | K54: =IF(J54="","",IF(J54="-","", numeroatexto(J54))) | L54: {=IF(J54="","", IFERROR(_xlfn.XLOOKUP($D54&$E54,NOTAS!$A$8:$A$56&NOTAS!$B$8:$B$56,NOTAS!$EC$8:$EC1000),""))} | M54: =IF(L54="","",IF(L54="-","", numeroatexto(L54))) | N54: {=IF(L54="","", IFERROR(_xlfn.XLOOKUP($D54&$E54,NOTAS!$A$8:$A$56&NOTAS!$B$8:$B$56,NOTAS!$ED$8:$ED1000),""))} | O54: =IF(N54="","",IF(N54="-","", numeroatexto(N54))) | P54: {=IF(N54="","", IFERROR(_xlfn.XLOOKUP($D54&$E54,NOTAS!$A$8:$A$56&NOTAS!$B$8:$B$56,NOTAS!$EE$8:$EE1000),""))} | Q54: =IF(P54="","",IF(P54="-","", numeroatexto(P54))) | R54: {=IF(P54="","", IFERROR(_xlfn.XLOOKUP($D54&$E54,NOTAS!$A$8:$A$56&NOTAS!$B$8:$B$56,NOTAS!$EF$8:$EF1000),""))} | S54: =IF(R54="","",IF(R54="-","", numeroatexto(R54))) | T54: {=IF(R54="","", IFERROR(_xlfn.XLOOKUP($D54&$E54,NOTAS!$A$8:$A$56&NOTAS!$B$8:$B$56,NOTAS!$EG$8:$EG1000),""))} | U54: =IF(T54="","",IF(T54="-","", numeroatexto(T54))) | V54: {=IF(T54="","", IFERROR(_xlfn.XLOOKUP($D54&$E54,NOTAS!$A$8:$A$56&NOTAS!$B$8:$B$56,NOTAS!$EH$8:$EH1000),""))} | W54: =IF(V54="","",IF(V54="-","", numeroatexto(V54))) | X54: DNI | Y54: {=_xlfn.XLOOKUP($D54&$E54,'DATOS ESTUDIANTES'!$A$3:$A1000&'DATOS ESTUDIANTES'!$B$3:$B1000,'DATOS ESTUDIANTES'!$C$3:$C1000,"")}
